E:\SELF DRIVING\Udacity\IMG\center_2020_09_30_17_06_57_998.jpg, E:\SELF DRIVING\Udacity\IMG\left_2020_09_30_17_06_57_998.jpg, E:\SELF DRIVING\Udacity\IMG\right_2020_09_30_17_06_57_998.jpg, 0, 0, 0, 24.23737
E:\SELF DRIVING\Udacity\IMG\center_2020_09_30_17_06_58_100.jpg, E:\SELF DRIVING\Udacity\IMG\left_2020_09_30_17_06_58_100.jpg, E:\SELF DRIVING\Udacity\IMG\right_2020_09_30_17_06_58_100.jpg, 0, 0, 0, 23.99401
E:\SELF DRIVING\Udacity\IMG\center_2020_09_30_17_06_58_201.jpg, E:\SELF DRIVING\Udacity\IMG\left_2020_09_30_17_06_58_201.jpg, E:\SELF DRIVING\Udacity\IMG\right_2020_09_30_17_06_58_201.jpg, 0, 0, 0, 23.75311
E:\SELF DRIVING\Udacity\IMG\center_2020_09_30_17_06_58_313.jpg, E:\SELF DRIVING\Udacity\IMG\left_2020_09_30_17_06_58_313.jpg, E:\SELF DRIVING\Udacity\IMG\right_2020_09_30_17_06_58_313.jpg, 0, 0.3335148, 0, 23.72372
E:\SELF DRIVING\Udacity\IMG\center_2020_09_30_17_06_58_421.jpg, E:\SELF DRIVING\Udacity\IMG\left_2020_09_30_17_06_58_421.jpg, E:\SELF DRIVING\Udacity\IMG\right_2020_09_30_17_06_58_421.jpg, 0, 0.6613219, 0, 24.10139
E:\SELF DRIVING\Udacity\IMG\center_2020_09_30_17_06_58_529.jpg, E:\SELF DRIVING\Udacity\IMG\left_2020_09_30_17_06_58_529.jpg, E:\SELF DRIVING\Udacity\IMG\right_2020_09_30_17_06_58_529.jpg, 0, 0.9433696, 0, 24.83278
E:\SELF DRIVING\Udacity\IMG\center_2020_09_30_17_06_58_639.jpg, E:\SELF DRIVING\Udacity\IMG\left_2020_09_30_17_06_58_639.jpg, E:\SELF DRIVING\Udacity\IMG\right_2020_09_30_17_06_58_639.jpg, 0, 1, 0, 25.97583
E:\SELF DRIVING\Udacity\IMG\center_2020_09_30_17_06_58_740.jpg, E:\SELF DRIVING\Udacity\IMG\left_2020_09_30_17_06_58_740.jpg, E:\SELF DRIVING\Udacity\IMG\right_2020_09_30_17_06_58_740.jpg, -0.0504447, 1, 0, 26.92207
E:\SELF DRIVING\Udacity\IMG\center_2020_09_30_17_06_58_853.jpg, E:\SELF DRIVING\Udacity\IMG\left_2020_09_30_17_06_58_853.jpg, E:\SELF DRIVING\Udacity\IMG\right_2020_09_30_17_06_58_853.jpg, -0.3893505, 1, 0, 27.94647
E:\SELF DRIVING\Udacity\IMG\center_2020_09_30_17_06_58_964.jpg, E:\SELF DRIVING\Udacity\IMG\left_2020_09_30_17_06_58_964.jpg, E:\SELF DRIVING\Udacity\IMG\right_2020_09_30_17_06_58_964.jpg, -0.05572348, 1, 0, 28.85995
E:\SELF DRIVING\Udacity\IMG\center_2020_09_30_17_06_59_076.jpg, E:\SELF DRIVING\Udacity\IMG\left_2020_09_30_17_06_59_076.jpg, E:\SELF DRIVING\Udacity\IMG\right_2020_09_30_17_06_59_076.jpg, 0, 1, 0, 29.95162
E:\SELF DRIVING\Udacity\IMG\center_2020_09_30_17_06_59_189.jpg, E:\SELF DRIVING\Udacity\IMG\left_2020_09_30_17_06_59_189.jpg, E:\SELF DRIVING\Udacity\IMG\right_2020_09_30_17_06_59_189.jpg, 0, 1, 0, 30.19022
E:\SELF DRIVING\Udacity\IMG\center_2020_09_30_17_06_59_304.jpg, E:\SELF DRIVING\Udacity\IMG\left_2020_09_30_17_06_59_304.jpg, E:\SELF DRIVING\Udacity\IMG\right_2020_09_30_17_06_59_304.jpg, 0, 1, 0, 30.19027
E:\SELF DRIVING\Udacity\IMG\center_2020_09_30_17_06_59_404.jpg, E:\SELF DRIVING\Udacity\IMG\left_2020_09_30_17_06_59_404.jpg, E:\SELF DRIVING\Udacity\IMG\right_2020_09_30_17_06_59_404.jpg, 0, 1, 0, 30.1903
E:\SELF DRIVING\Udacity\IMG\center_2020_09_30_17_06_59_517.jpg, E:\SELF DRIVING\Udacity\IMG\left_2020_09_30_17_06_59_517.jpg, E:\SELF DRIVING\Udacity\IMG\right_2020_09_30_17_06_59_517.jpg, 0, 1, 0, 30.19029
E:\SELF DRIVING\Udacity\IMG\center_2020_09_30_17_06_59_620.jpg, E:\SELF DRIVING\Udacity\IMG\left_2020_09_30_17_06_59_620.jpg, E:\SELF DRIVING\Udacity\IMG\right_2020_09_30_17_06_59_620.jpg, 0, 1, 0, 30.19031
E:\SELF DRIVING\Udacity\IMG\center_2020_09_30_17_06_59_722.jpg, E:\SELF DRIVING\Udacity\IMG\left_2020_09_30_17_06_59_722.jpg, E:\SELF DRIVING\Udacity\IMG\right_2020_09_30_17_06_59_722.jpg, 0, 1, 0, 30.19032
E:\SELF DRIVING\Udacity\IMG\center_2020_09_30_17_06_59_823.jpg, E:\SELF DRIVING\Udacity\IMG\left_2020_09_30_17_06_59_823.jpg, E:\SELF DRIVING\Udacity\IMG\right_2020_09_30_17_06_59_823.jpg, 0, 1, 0, 30.19029
E:\SELF DRIVING\Udacity\IMG\center_2020_09_30_17_06_59_936.jpg, E:\SELF DRIVING\Udacity\IMG\left_2020_09_30_17_06_59_936.jpg, E:\SELF DRIVING\Udacity\IMG\right_2020_09_30_17_06_59_936.jpg, 0, 1, 0, 30.1903
E:\SELF DRIVING\Udacity\IMG\center_2020_09_30_17_07_00_037.jpg, E:\SELF DRIVING\Udacity\IMG\left_2020_09_30_17_07_00_037.jpg, E:\SELF DRIVING\Udacity\IMG\right_2020_09_30_17_07_00_037.jpg, 0, 1, 0, 30.19028
E:\SELF DRIVING\Udacity\IMG\center_2020_09_30_17_07_00_147.jpg, E:\SELF DRIVING\Udacity\IMG\left_2020_09_30_17_07_00_147.jpg, E:\SELF DRIVING\Udacity\IMG\right_2020_09_30_17_07_00_147.jpg, 0, 1, 0, 30.19031
E:\SELF DRIVING\Udacity\IMG\center_2020_09_30_17_07_00_250.jpg, E:\SELF DRIVING\Udacity\IMG\left_2020_09_30_17_07_00_250.jpg, E:\SELF DRIVING\Udacity\IMG\right_2020_09_30_17_07_00_250.jpg, 0, 1, 0, 30.1903
E:\SELF DRIVING\Udacity\IMG\center_2020_09_30_17_07_00_363.jpg, E:\SELF DRIVING\Udacity\IMG\left_2020_09_30_17_07_00_363.jpg, E:\SELF DRIVING\Udacity\IMG\right_2020_09_30_17_07_00_363.jpg, 0, 1, 0, 30.19038
E:\SELF DRIVING\Udacity\IMG\center_2020_09_30_17_07_00_480.jpg, E:\SELF DRIVING\Udacity\IMG\left_2020_09_30_17_07_00_480.jpg, E:\SELF DRIVING\Udacity\IMG\right_2020_09_30_17_07_00_480.jpg, 0, 1, 0, 30.19031
E:\SELF DRIVING\Udacity\IMG\center_2020_09_30_17_07_00_582.jpg, E:\SELF DRIVING\Udacity\IMG\left_2020_09_30_17_07_00_582.jpg, E:\SELF DRIVING\Udacity\IMG\right_2020_09_30_17_07_00_582.jpg, -0.3082239, 1, 0, 30.16596
E:\SELF DRIVING\Udacity\IMG\center_2020_09_30_17_07_00_684.jpg, E:\SELF DRIVING\Udacity\IMG\left_2020_09_30_17_07_00_684.jpg, E:\SELF DRIVING\Udacity\IMG\right_2020_09_30_17_07_00_684.jpg, -0.002610314, 1, 0, 30.18926
E:\SELF DRIVING\Udacity\IMG\center_2020_09_30_17_07_00_792.jpg, E:\SELF DRIVING\Udacity\IMG\left_2020_09_30_17_07_00_792.jpg, E:\SELF DRIVING\Udacity\IMG\right_2020_09_30_17_07_00_792.jpg, 0, 1, 0, 30.19013
E:\SELF DRIVING\Udacity\IMG\center_2020_09_30_17_07_00_904.jpg, E:\SELF DRIVING\Udacity\IMG\left_2020_09_30_17_07_00_904.jpg, E:\SELF DRIVING\Udacity\IMG\right_2020_09_30_17_07_00_904.jpg, 0, 1, 0, 30.19028
E:\SELF DRIVING\Udacity\IMG\center_2020_09_30_17_07_01_010.jpg, E:\SELF DRIVING\Udacity\IMG\left_2020_09_30_17_07_01_010.jpg, E:\SELF DRIVING\Udacity\IMG\right_2020_09_30_17_07_01_010.jpg, 0, 1, 0, 30.19032
E:\SELF DRIVING\Udacity\IMG\center_2020_09_30_17_07_01_115.jpg, E:\SELF DRIVING\Udacity\IMG\left_2020_09_30_17_07_01_115.jpg, E:\SELF DRIVING\Udacity\IMG\right_2020_09_30_17_07_01_115.jpg, 0, 1, 0, 30.19032
E:\SELF DRIVING\Udacity\IMG\center_2020_09_30_17_07_01_218.jpg, E:\SELF DRIVING\Udacity\IMG\left_2020_09_30_17_07_01_218.jpg, E:\SELF DRIVING\Udacity\IMG\right_2020_09_30_17_07_01_218.jpg, 0, 1, 0, 30.19029
E:\SELF DRIVING\Udacity\IMG\center_2020_09_30_17_07_01_326.jpg, E:\SELF DRIVING\Udacity\IMG\left_2020_09_30_17_07_01_326.jpg, E:\SELF DRIVING\Udacity\IMG\right_2020_09_30_17_07_01_326.jpg, 0, 1, 0, 30.19031
E:\SELF DRIVING\Udacity\IMG\center_2020_09_30_17_07_01_429.jpg, E:\SELF DRIVING\Udacity\IMG\left_2020_09_30_17_07_01_429.jpg, E:\SELF DRIVING\Udacity\IMG\right_2020_09_30_17_07_01_429.jpg, 0, 1, 0, 30.19028
E:\SELF DRIVING\Udacity\IMG\center_2020_09_30_17_07_01_533.jpg, E:\SELF DRIVING\Udacity\IMG\left_2020_09_30_17_07_01_533.jpg, E:\SELF DRIVING\Udacity\IMG\right_2020_09_30_17_07_01_533.jpg, 0, 1, 0, 30.19029
E:\SELF DRIVING\Udacity\IMG\center_2020_09_30_17_07_01_635.jpg, E:\SELF DRIVING\Udacity\IMG\left_2020_09_30_17_07_01_635.jpg, E:\SELF DRIVING\Udacity\IMG\right_2020_09_30_17_07_01_635.jpg, 0, 1, 0, 30.19032
E:\SELF DRIVING\Udacity\IMG\center_2020_09_30_17_07_01_736.jpg, E:\SELF DRIVING\Udacity\IMG\left_2020_09_30_17_07_01_736.jpg, E:\SELF DRIVING\Udacity\IMG\right_2020_09_30_17_07_01_736.jpg, 0, 1, 0, 30.19028
E:\SELF DRIVING\Udacity\IMG\center_2020_09_30_17_07_01_841.jpg, E:\SELF DRIVING\Udacity\IMG\left_2020_09_30_17_07_01_841.jpg, E:\SELF DRIVING\Udacity\IMG\right_2020_09_30_17_07_01_841.jpg, 0, 1, 0, 30.19027
E:\SELF DRIVING\Udacity\IMG\center_2020_09_30_17_07_01_942.jpg, E:\SELF DRIVING\Udacity\IMG\left_2020_09_30_17_07_01_942.jpg, E:\SELF DRIVING\Udacity\IMG\right_2020_09_30_17_07_01_942.jpg, 0, 1, 0, 30.19045
E:\SELF DRIVING\Udacity\IMG\center_2020_09_30_17_07_02_045.jpg, E:\SELF DRIVING\Udacity\IMG\left_2020_09_30_17_07_02_045.jpg, E:\SELF DRIVING\Udacity\IMG\right_2020_09_30_17_07_02_045.jpg, 0, 1, 0, 30.1903
E:\SELF DRIVING\Udacity\IMG\center_2020_09_30_17_07_02_146.jpg, E:\SELF DRIVING\Udacity\IMG\left_2020_09_30_17_07_02_146.jpg, E:\SELF DRIVING\Udacity\IMG\right_2020_09_30_17_07_02_146.jpg, 0, 1, 0, 30.19031
E:\SELF DRIVING\Udacity\IMG\center_2020_09_30_17_07_02_249.jpg, E:\SELF DRIVING\Udacity\IMG\left_2020_09_30_17_07_02_249.jpg, E:\SELF DRIVING\Udacity\IMG\right_2020_09_30_17_07_02_249.jpg, 0, 1, 0, 30.19029
E:\SELF DRIVING\Udacity\IMG\center_2020_09_30_17_07_02_351.jpg, E:\SELF DRIVING\Udacity\IMG\left_2020_09_30_17_07_02_351.jpg, E:\SELF DRIVING\Udacity\IMG\right_2020_09_30_17_07_02_351.jpg, 0, 1, 0, 30.19028
E:\SELF DRIVING\Udacity\IMG\center_2020_09_30_17_07_02_465.jpg, E:\SELF DRIVING\Udacity\IMG\left_2020_09_30_17_07_02_465.jpg, E:\SELF DRIVING\Udacity\IMG\right_2020_09_30_17_07_02_465.jpg, 0, 1, 0, 30.19029
E:\SELF DRIVING\Udacity\IMG\center_2020_09_30_17_07_02_566.jpg, E:\SELF DRIVING\Udacity\IMG\left_2020_09_30_17_07_02_566.jpg, E:\SELF DRIVING\Udacity\IMG\right_2020_09_30_17_07_02_566.jpg, 0, 1, 0, 30.19029
E:\SELF DRIVING\Udacity\IMG\center_2020_09_30_17_07_02_667.jpg, E:\SELF DRIVING\Udacity\IMG\left_2020_09_30_17_07_02_667.jpg, E:\SELF DRIVING\Udacity\IMG\right_2020_09_30_17_07_02_667.jpg, 0, 1, 0, 30.19031
E:\SELF DRIVING\Udacity\IMG\center_2020_09_30_17_07_02_771.jpg, E:\SELF DRIVING\Udacity\IMG\left_2020_09_30_17_07_02_771.jpg, E:\SELF DRIVING\Udacity\IMG\right_2020_09_30_17_07_02_771.jpg, -0.0778989, 1, 0, 30.18875
E:\SELF DRIVING\Udacity\IMG\center_2020_09_30_17_07_02_883.jpg, E:\SELF DRIVING\Udacity\IMG\left_2020_09_30_17_07_02_883.jpg, E:\SELF DRIVING\Udacity\IMG\right_2020_09_30_17_07_02_883.jpg, -0.1455714, 1, 0, 30.18864
E:\SELF DRIVING\Udacity\IMG\center_2020_09_30_17_07_02_984.jpg, E:\SELF DRIVING\Udacity\IMG\left_2020_09_30_17_07_02_984.jpg, E:\SELF DRIVING\Udacity\IMG\right_2020_09_30_17_07_02_984.jpg, 0, 1, 0, 30.18977
E:\SELF DRIVING\Udacity\IMG\center_2020_09_30_17_07_03_089.jpg, E:\SELF DRIVING\Udacity\IMG\left_2020_09_30_17_07_03_089.jpg, E:\SELF DRIVING\Udacity\IMG\right_2020_09_30_17_07_03_089.jpg, 0, 1, 0, 30.19038
E:\SELF DRIVING\Udacity\IMG\center_2020_09_30_17_07_03_196.jpg, E:\SELF DRIVING\Udacity\IMG\left_2020_09_30_17_07_03_196.jpg, E:\SELF DRIVING\Udacity\IMG\right_2020_09_30_17_07_03_196.jpg, 0, 1, 0, 30.19031
E:\SELF DRIVING\Udacity\IMG\center_2020_09_30_17_07_03_297.jpg, E:\SELF DRIVING\Udacity\IMG\left_2020_09_30_17_07_03_297.jpg, E:\SELF DRIVING\Udacity\IMG\right_2020_09_30_17_07_03_297.jpg, 0, 1, 0, 30.19038
E:\SELF DRIVING\Udacity\IMG\center_2020_09_30_17_07_03_401.jpg, E:\SELF DRIVING\Udacity\IMG\left_2020_09_30_17_07_03_401.jpg, E:\SELF DRIVING\Udacity\IMG\right_2020_09_30_17_07_03_401.jpg, 0, 1, 0, 30.1903
E:\SELF DRIVING\Udacity\IMG\center_2020_09_30_17_07_03_506.jpg, E:\SELF DRIVING\Udacity\IMG\left_2020_09_30_17_07_03_506.jpg, E:\SELF DRIVING\Udacity\IMG\right_2020_09_30_17_07_03_506.jpg, -0.0742215, 1, 0, 30.18888
E:\SELF DRIVING\Udacity\IMG\center_2020_09_30_17_07_03_613.jpg, E:\SELF DRIVING\Udacity\IMG\left_2020_09_30_17_07_03_613.jpg, E:\SELF DRIVING\Udacity\IMG\right_2020_09_30_17_07_03_613.jpg, -0.2798238, 1, 0, 30.17789
E:\SELF DRIVING\Udacity\IMG\center_2020_09_30_17_07_03_718.jpg, E:\SELF DRIVING\Udacity\IMG\left_2020_09_30_17_07_03_718.jpg, E:\SELF DRIVING\Udacity\IMG\right_2020_09_30_17_07_03_718.jpg, 0, 1, 0, 30.18878
E:\SELF DRIVING\Udacity\IMG\center_2020_09_30_17_07_03_821.jpg, E:\SELF DRIVING\Udacity\IMG\left_2020_09_30_17_07_03_821.jpg, E:\SELF DRIVING\Udacity\IMG\right_2020_09_30_17_07_03_821.jpg, 0, 1, 0, 30.19
E:\SELF DRIVING\Udacity\IMG\center_2020_09_30_17_07_03_926.jpg, E:\SELF DRIVING\Udacity\IMG\left_2020_09_30_17_07_03_926.jpg, E:\SELF DRIVING\Udacity\IMG\right_2020_09_30_17_07_03_926.jpg, 0, 1, 0, 30.19025
E:\SELF DRIVING\Udacity\IMG\center_2020_09_30_17_07_04_028.jpg, E:\SELF DRIVING\Udacity\IMG\left_2020_09_30_17_07_04_028.jpg, E:\SELF DRIVING\Udacity\IMG\right_2020_09_30_17_07_04_028.jpg, 0, 1, 0, 30.19027
E:\SELF DRIVING\Udacity\IMG\center_2020_09_30_17_07_04_130.jpg, E:\SELF DRIVING\Udacity\IMG\left_2020_09_30_17_07_04_130.jpg, E:\SELF DRIVING\Udacity\IMG\right_2020_09_30_17_07_04_130.jpg, 0, 1, 0, 30.19027
E:\SELF DRIVING\Udacity\IMG\center_2020_09_30_17_07_04_231.jpg, E:\SELF DRIVING\Udacity\IMG\left_2020_09_30_17_07_04_231.jpg, E:\SELF DRIVING\Udacity\IMG\right_2020_09_30_17_07_04_231.jpg, 0, 1, 0, 30.19034
E:\SELF DRIVING\Udacity\IMG\center_2020_09_30_17_07_04_333.jpg, E:\SELF DRIVING\Udacity\IMG\left_2020_09_30_17_07_04_333.jpg, E:\SELF DRIVING\Udacity\IMG\right_2020_09_30_17_07_04_333.jpg, 0, 1, 0, 30.19027
E:\SELF DRIVING\Udacity\IMG\center_2020_09_30_17_07_04_433.jpg, E:\SELF DRIVING\Udacity\IMG\left_2020_09_30_17_07_04_433.jpg, E:\SELF DRIVING\Udacity\IMG\right_2020_09_30_17_07_04_433.jpg, 0.1483128, 1, 0, 30.18395
E:\SELF DRIVING\Udacity\IMG\center_2020_09_30_17_07_04_536.jpg, E:\SELF DRIVING\Udacity\IMG\left_2020_09_30_17_07_04_536.jpg, E:\SELF DRIVING\Udacity\IMG\right_2020_09_30_17_07_04_536.jpg, 0.0785085, 1, 0, 30.19045
E:\SELF DRIVING\Udacity\IMG\center_2020_09_30_17_07_04_644.jpg, E:\SELF DRIVING\Udacity\IMG\left_2020_09_30_17_07_04_644.jpg, E:\SELF DRIVING\Udacity\IMG\right_2020_09_30_17_07_04_644.jpg, 0, 1, 0, 30.18993
E:\SELF DRIVING\Udacity\IMG\center_2020_09_30_17_07_04_757.jpg, E:\SELF DRIVING\Udacity\IMG\left_2020_09_30_17_07_04_757.jpg, E:\SELF DRIVING\Udacity\IMG\right_2020_09_30_17_07_04_757.jpg, 0, 1, 0, 30.19022
E:\SELF DRIVING\Udacity\IMG\center_2020_09_30_17_07_04_863.jpg, E:\SELF DRIVING\Udacity\IMG\left_2020_09_30_17_07_04_863.jpg, E:\SELF DRIVING\Udacity\IMG\right_2020_09_30_17_07_04_863.jpg, 0, 1, 0, 30.19021
E:\SELF DRIVING\Udacity\IMG\center_2020_09_30_17_07_04_969.jpg, E:\SELF DRIVING\Udacity\IMG\left_2020_09_30_17_07_04_969.jpg, E:\SELF DRIVING\Udacity\IMG\right_2020_09_30_17_07_04_969.jpg, 0, 1, 0, 30.19027
E:\SELF DRIVING\Udacity\IMG\center_2020_09_30_17_07_05_081.jpg, E:\SELF DRIVING\Udacity\IMG\left_2020_09_30_17_07_05_081.jpg, E:\SELF DRIVING\Udacity\IMG\right_2020_09_30_17_07_05_081.jpg, 0, 1, 0, 30.19031
E:\SELF DRIVING\Udacity\IMG\center_2020_09_30_17_07_05_184.jpg, E:\SELF DRIVING\Udacity\IMG\left_2020_09_30_17_07_05_184.jpg, E:\SELF DRIVING\Udacity\IMG\right_2020_09_30_17_07_05_184.jpg, 0, 1, 0, 30.1903
E:\SELF DRIVING\Udacity\IMG\center_2020_09_30_17_07_05_296.jpg, E:\SELF DRIVING\Udacity\IMG\left_2020_09_30_17_07_05_296.jpg, E:\SELF DRIVING\Udacity\IMG\right_2020_09_30_17_07_05_296.jpg, 0, 1, 0, 30.19032
E:\SELF DRIVING\Udacity\IMG\center_2020_09_30_17_07_05_398.jpg, E:\SELF DRIVING\Udacity\IMG\left_2020_09_30_17_07_05_398.jpg, E:\SELF DRIVING\Udacity\IMG\right_2020_09_30_17_07_05_398.jpg, 0, 1, 0, 30.19027
E:\SELF DRIVING\Udacity\IMG\center_2020_09_30_17_07_05_510.jpg, E:\SELF DRIVING\Udacity\IMG\left_2020_09_30_17_07_05_510.jpg, E:\SELF DRIVING\Udacity\IMG\right_2020_09_30_17_07_05_510.jpg, 0, 1, 0, 30.19027
E:\SELF DRIVING\Udacity\IMG\center_2020_09_30_17_07_05_622.jpg, E:\SELF DRIVING\Udacity\IMG\left_2020_09_30_17_07_05_622.jpg, E:\SELF DRIVING\Udacity\IMG\right_2020_09_30_17_07_05_622.jpg, 0, 1, 0, 30.18993
E:\SELF DRIVING\Udacity\IMG\center_2020_09_30_17_07_05_732.jpg, E:\SELF DRIVING\Udacity\IMG\left_2020_09_30_17_07_05_732.jpg, E:\SELF DRIVING\Udacity\IMG\right_2020_09_30_17_07_05_732.jpg, 0, 1, 0, 30.19042
E:\SELF DRIVING\Udacity\IMG\center_2020_09_30_17_07_05_834.jpg, E:\SELF DRIVING\Udacity\IMG\left_2020_09_30_17_07_05_834.jpg, E:\SELF DRIVING\Udacity\IMG\right_2020_09_30_17_07_05_834.jpg, 0, 1, 0, 30.18954
E:\SELF DRIVING\Udacity\IMG\center_2020_09_30_17_07_05_940.jpg, E:\SELF DRIVING\Udacity\IMG\left_2020_09_30_17_07_05_940.jpg, E:\SELF DRIVING\Udacity\IMG\right_2020_09_30_17_07_05_940.jpg, 0, 1, 0, 30.19045
E:\SELF DRIVING\Udacity\IMG\center_2020_09_30_17_07_06_040.jpg, E:\SELF DRIVING\Udacity\IMG\left_2020_09_30_17_07_06_040.jpg, E:\SELF DRIVING\Udacity\IMG\right_2020_09_30_17_07_06_040.jpg, 0, 1, 0, 30.19047
E:\SELF DRIVING\Udacity\IMG\center_2020_09_30_17_07_06_144.jpg, E:\SELF DRIVING\Udacity\IMG\left_2020_09_30_17_07_06_144.jpg, E:\SELF DRIVING\Udacity\IMG\right_2020_09_30_17_07_06_144.jpg, 0, 1, 0, 30.19027
E:\SELF DRIVING\Udacity\IMG\center_2020_09_30_17_07_06_249.jpg, E:\SELF DRIVING\Udacity\IMG\left_2020_09_30_17_07_06_249.jpg, E:\SELF DRIVING\Udacity\IMG\right_2020_09_30_17_07_06_249.jpg, -0.2805462, 1, 0, 30.17316
E:\SELF DRIVING\Udacity\IMG\center_2020_09_30_17_07_06_358.jpg, E:\SELF DRIVING\Udacity\IMG\left_2020_09_30_17_07_06_358.jpg, E:\SELF DRIVING\Udacity\IMG\right_2020_09_30_17_07_06_358.jpg, 0, 1, 0, 30.1901
E:\SELF DRIVING\Udacity\IMG\center_2020_09_30_17_07_06_468.jpg, E:\SELF DRIVING\Udacity\IMG\left_2020_09_30_17_07_06_468.jpg, E:\SELF DRIVING\Udacity\IMG\right_2020_09_30_17_07_06_468.jpg, 0, 1, 0, 30.19019
E:\SELF DRIVING\Udacity\IMG\center_2020_09_30_17_07_06_576.jpg, E:\SELF DRIVING\Udacity\IMG\left_2020_09_30_17_07_06_576.jpg, E:\SELF DRIVING\Udacity\IMG\right_2020_09_30_17_07_06_576.jpg, 0, 1, 0, 30.19031
E:\SELF DRIVING\Udacity\IMG\center_2020_09_30_17_07_06_685.jpg, E:\SELF DRIVING\Udacity\IMG\left_2020_09_30_17_07_06_685.jpg, E:\SELF DRIVING\Udacity\IMG\right_2020_09_30_17_07_06_685.jpg, 0, 1, 0, 30.19032
E:\SELF DRIVING\Udacity\IMG\center_2020_09_30_17_07_06_796.jpg, E:\SELF DRIVING\Udacity\IMG\left_2020_09_30_17_07_06_796.jpg, E:\SELF DRIVING\Udacity\IMG\right_2020_09_30_17_07_06_796.jpg, 0, 1, 0, 30.19017
E:\SELF DRIVING\Udacity\IMG\center_2020_09_30_17_07_06_901.jpg, E:\SELF DRIVING\Udacity\IMG\left_2020_09_30_17_07_06_901.jpg, E:\SELF DRIVING\Udacity\IMG\right_2020_09_30_17_07_06_901.jpg, 0, 1, 0, 30.19052
E:\SELF DRIVING\Udacity\IMG\center_2020_09_30_17_07_07_007.jpg, E:\SELF DRIVING\Udacity\IMG\left_2020_09_30_17_07_07_007.jpg, E:\SELF DRIVING\Udacity\IMG\right_2020_09_30_17_07_07_007.jpg, 0, 1, 0, 30.18994
E:\SELF DRIVING\Udacity\IMG\center_2020_09_30_17_07_07_116.jpg, E:\SELF DRIVING\Udacity\IMG\left_2020_09_30_17_07_07_116.jpg, E:\SELF DRIVING\Udacity\IMG\right_2020_09_30_17_07_07_116.jpg, 0, 1, 0, 30.19057
E:\SELF DRIVING\Udacity\IMG\center_2020_09_30_17_07_07_225.jpg, E:\SELF DRIVING\Udacity\IMG\left_2020_09_30_17_07_07_225.jpg, E:\SELF DRIVING\Udacity\IMG\right_2020_09_30_17_07_07_225.jpg, -0.0370551, 1, 0, 30.18987
E:\SELF DRIVING\Udacity\IMG\center_2020_09_30_17_07_07_328.jpg, E:\SELF DRIVING\Udacity\IMG\left_2020_09_30_17_07_07_328.jpg, E:\SELF DRIVING\Udacity\IMG\right_2020_09_30_17_07_07_328.jpg, -0.2069136, 1, 0, 30.18135
E:\SELF DRIVING\Udacity\IMG\center_2020_09_30_17_07_07_435.jpg, E:\SELF DRIVING\Udacity\IMG\left_2020_09_30_17_07_07_435.jpg, E:\SELF DRIVING\Udacity\IMG\right_2020_09_30_17_07_07_435.jpg, 0, 1, 0, 30.18982
E:\SELF DRIVING\Udacity\IMG\center_2020_09_30_17_07_07_543.jpg, E:\SELF DRIVING\Udacity\IMG\left_2020_09_30_17_07_07_543.jpg, E:\SELF DRIVING\Udacity\IMG\right_2020_09_30_17_07_07_543.jpg, 0, 1, 0, 30.19022
E:\SELF DRIVING\Udacity\IMG\center_2020_09_30_17_07_07_649.jpg, E:\SELF DRIVING\Udacity\IMG\left_2020_09_30_17_07_07_649.jpg, E:\SELF DRIVING\Udacity\IMG\right_2020_09_30_17_07_07_649.jpg, 0, 1, 0, 30.1903
E:\SELF DRIVING\Udacity\IMG\center_2020_09_30_17_07_07_750.jpg, E:\SELF DRIVING\Udacity\IMG\left_2020_09_30_17_07_07_750.jpg, E:\SELF DRIVING\Udacity\IMG\right_2020_09_30_17_07_07_750.jpg, 0, 1, 0, 30.19029
E:\SELF DRIVING\Udacity\IMG\center_2020_09_30_17_07_07_854.jpg, E:\SELF DRIVING\Udacity\IMG\left_2020_09_30_17_07_07_854.jpg, E:\SELF DRIVING\Udacity\IMG\right_2020_09_30_17_07_07_854.jpg, 0, 1, 0, 30.19008
E:\SELF DRIVING\Udacity\IMG\center_2020_09_30_17_07_07_967.jpg, E:\SELF DRIVING\Udacity\IMG\left_2020_09_30_17_07_07_967.jpg, E:\SELF DRIVING\Udacity\IMG\right_2020_09_30_17_07_07_967.jpg, 0, 1, 0, 30.19026
E:\SELF DRIVING\Udacity\IMG\center_2020_09_30_17_07_08_073.jpg, E:\SELF DRIVING\Udacity\IMG\left_2020_09_30_17_07_08_073.jpg, E:\SELF DRIVING\Udacity\IMG\right_2020_09_30_17_07_08_073.jpg, -0.07069381, 1, 0, 30.19022
E:\SELF DRIVING\Udacity\IMG\center_2020_09_30_17_07_08_182.jpg, E:\SELF DRIVING\Udacity\IMG\left_2020_09_30_17_07_08_182.jpg, E:\SELF DRIVING\Udacity\IMG\right_2020_09_30_17_07_08_182.jpg, 0, 1, 0, 30.19007
E:\SELF DRIVING\Udacity\IMG\center_2020_09_30_17_07_08_291.jpg, E:\SELF DRIVING\Udacity\IMG\left_2020_09_30_17_07_08_291.jpg, E:\SELF DRIVING\Udacity\IMG\right_2020_09_30_17_07_08_291.jpg, 0, 1, 0, 30.19054
E:\SELF DRIVING\Udacity\IMG\center_2020_09_30_17_07_08_400.jpg, E:\SELF DRIVING\Udacity\IMG\left_2020_09_30_17_07_08_400.jpg, E:\SELF DRIVING\Udacity\IMG\right_2020_09_30_17_07_08_400.jpg, 0, 1, 0, 30.19033
E:\SELF DRIVING\Udacity\IMG\center_2020_09_30_17_07_08_508.jpg, E:\SELF DRIVING\Udacity\IMG\left_2020_09_30_17_07_08_508.jpg, E:\SELF DRIVING\Udacity\IMG\right_2020_09_30_17_07_08_508.jpg, 0, 1, 0, 30.19037
E:\SELF DRIVING\Udacity\IMG\center_2020_09_30_17_07_08_612.jpg, E:\SELF DRIVING\Udacity\IMG\left_2020_09_30_17_07_08_612.jpg, E:\SELF DRIVING\Udacity\IMG\right_2020_09_30_17_07_08_612.jpg, 0, 1, 0, 30.19025
E:\SELF DRIVING\Udacity\IMG\center_2020_09_30_17_07_08_719.jpg, E:\SELF DRIVING\Udacity\IMG\left_2020_09_30_17_07_08_719.jpg, E:\SELF DRIVING\Udacity\IMG\right_2020_09_30_17_07_08_719.jpg, 0, 1, 0, 30.19033
E:\SELF DRIVING\Udacity\IMG\center_2020_09_30_17_07_08_824.jpg, E:\SELF DRIVING\Udacity\IMG\left_2020_09_30_17_07_08_824.jpg, E:\SELF DRIVING\Udacity\IMG\right_2020_09_30_17_07_08_824.jpg, 0, 1, 0, 30.19029
E:\SELF DRIVING\Udacity\IMG\center_2020_09_30_17_07_08_929.jpg, E:\SELF DRIVING\Udacity\IMG\left_2020_09_30_17_07_08_929.jpg, E:\SELF DRIVING\Udacity\IMG\right_2020_09_30_17_07_08_929.jpg, -0.2842749, 1, 0, 30.17089
E:\SELF DRIVING\Udacity\IMG\center_2020_09_30_17_07_09_042.jpg, E:\SELF DRIVING\Udacity\IMG\left_2020_09_30_17_07_09_042.jpg, E:\SELF DRIVING\Udacity\IMG\right_2020_09_30_17_07_09_042.jpg, 0, 1, 0, 30.18888
E:\SELF DRIVING\Udacity\IMG\center_2020_09_30_17_07_09_151.jpg, E:\SELF DRIVING\Udacity\IMG\left_2020_09_30_17_07_09_151.jpg, E:\SELF DRIVING\Udacity\IMG\right_2020_09_30_17_07_09_151.jpg, 0, 1, 0, 30.19043
E:\SELF DRIVING\Udacity\IMG\center_2020_09_30_17_07_09_250.jpg, E:\SELF DRIVING\Udacity\IMG\left_2020_09_30_17_07_09_250.jpg, E:\SELF DRIVING\Udacity\IMG\right_2020_09_30_17_07_09_250.jpg, 0, 1, 0, 30.19026
E:\SELF DRIVING\Udacity\IMG\center_2020_09_30_17_07_09_359.jpg, E:\SELF DRIVING\Udacity\IMG\left_2020_09_30_17_07_09_359.jpg, E:\SELF DRIVING\Udacity\IMG\right_2020_09_30_17_07_09_359.jpg, 0, 1, 0, 30.1909
E:\SELF DRIVING\Udacity\IMG\center_2020_09_30_17_07_09_464.jpg, E:\SELF DRIVING\Udacity\IMG\left_2020_09_30_17_07_09_464.jpg, E:\SELF DRIVING\Udacity\IMG\right_2020_09_30_17_07_09_464.jpg, 0, 1, 0, 30.19034
E:\SELF DRIVING\Udacity\IMG\center_2020_09_30_17_07_09_571.jpg, E:\SELF DRIVING\Udacity\IMG\left_2020_09_30_17_07_09_571.jpg, E:\SELF DRIVING\Udacity\IMG\right_2020_09_30_17_07_09_571.jpg, -0.1414263, 1, 0, 30.18535
E:\SELF DRIVING\Udacity\IMG\center_2020_09_30_17_07_09_675.jpg, E:\SELF DRIVING\Udacity\IMG\left_2020_09_30_17_07_09_675.jpg, E:\SELF DRIVING\Udacity\IMG\right_2020_09_30_17_07_09_675.jpg, 0, 1, 0, 30.19004
E:\SELF DRIVING\Udacity\IMG\center_2020_09_30_17_07_09_774.jpg, E:\SELF DRIVING\Udacity\IMG\left_2020_09_30_17_07_09_774.jpg, E:\SELF DRIVING\Udacity\IMG\right_2020_09_30_17_07_09_774.jpg, 0, 1, 0, 30.1902
E:\SELF DRIVING\Udacity\IMG\center_2020_09_30_17_07_09_881.jpg, E:\SELF DRIVING\Udacity\IMG\left_2020_09_30_17_07_09_881.jpg, E:\SELF DRIVING\Udacity\IMG\right_2020_09_30_17_07_09_881.jpg, 0, 1, 0, 30.19021
E:\SELF DRIVING\Udacity\IMG\center_2020_09_30_17_07_09_990.jpg, E:\SELF DRIVING\Udacity\IMG\left_2020_09_30_17_07_09_990.jpg, E:\SELF DRIVING\Udacity\IMG\right_2020_09_30_17_07_09_990.jpg, 0, 1, 0, 30.19021
E:\SELF DRIVING\Udacity\IMG\center_2020_09_30_17_07_10_096.jpg, E:\SELF DRIVING\Udacity\IMG\left_2020_09_30_17_07_10_096.jpg, E:\SELF DRIVING\Udacity\IMG\right_2020_09_30_17_07_10_096.jpg, 0, 1, 0, 30.1902
E:\SELF DRIVING\Udacity\IMG\center_2020_09_30_17_07_10_205.jpg, E:\SELF DRIVING\Udacity\IMG\left_2020_09_30_17_07_10_205.jpg, E:\SELF DRIVING\Udacity\IMG\right_2020_09_30_17_07_10_205.jpg, 0, 1, 0, 30.1906
E:\SELF DRIVING\Udacity\IMG\center_2020_09_30_17_07_10_307.jpg, E:\SELF DRIVING\Udacity\IMG\left_2020_09_30_17_07_10_307.jpg, E:\SELF DRIVING\Udacity\IMG\right_2020_09_30_17_07_10_307.jpg, -0.2735463, 1, 0, 30.17176
E:\SELF DRIVING\Udacity\IMG\center_2020_09_30_17_07_10_407.jpg, E:\SELF DRIVING\Udacity\IMG\left_2020_09_30_17_07_10_407.jpg, E:\SELF DRIVING\Udacity\IMG\right_2020_09_30_17_07_10_407.jpg, -0.0351972, 1, 0, 30.19111
E:\SELF DRIVING\Udacity\IMG\center_2020_09_30_17_07_10_511.jpg, E:\SELF DRIVING\Udacity\IMG\left_2020_09_30_17_07_10_511.jpg, E:\SELF DRIVING\Udacity\IMG\right_2020_09_30_17_07_10_511.jpg, 0, 1, 0, 30.19016
E:\SELF DRIVING\Udacity\IMG\center_2020_09_30_17_07_10_615.jpg, E:\SELF DRIVING\Udacity\IMG\left_2020_09_30_17_07_10_615.jpg, E:\SELF DRIVING\Udacity\IMG\right_2020_09_30_17_07_10_615.jpg, 0, 1, 0, 30.19024
E:\SELF DRIVING\Udacity\IMG\center_2020_09_30_17_07_10_721.jpg, E:\SELF DRIVING\Udacity\IMG\left_2020_09_30_17_07_10_721.jpg, E:\SELF DRIVING\Udacity\IMG\right_2020_09_30_17_07_10_721.jpg, 0, 1, 0, 30.19027
E:\SELF DRIVING\Udacity\IMG\center_2020_09_30_17_07_10_823.jpg, E:\SELF DRIVING\Udacity\IMG\left_2020_09_30_17_07_10_823.jpg, E:\SELF DRIVING\Udacity\IMG\right_2020_09_30_17_07_10_823.jpg, 0, 1, 0, 30.1903
E:\SELF DRIVING\Udacity\IMG\center_2020_09_30_17_07_10_924.jpg, E:\SELF DRIVING\Udacity\IMG\left_2020_09_30_17_07_10_924.jpg, E:\SELF DRIVING\Udacity\IMG\right_2020_09_30_17_07_10_924.jpg, 0, 1, 0, 30.19028
E:\SELF DRIVING\Udacity\IMG\center_2020_09_30_17_07_11_026.jpg, E:\SELF DRIVING\Udacity\IMG\left_2020_09_30_17_07_11_026.jpg, E:\SELF DRIVING\Udacity\IMG\right_2020_09_30_17_07_11_026.jpg, -0.2328633, 1, 0, 30.17573
E:\SELF DRIVING\Udacity\IMG\center_2020_09_30_17_07_11_127.jpg, E:\SELF DRIVING\Udacity\IMG\left_2020_09_30_17_07_11_127.jpg, E:\SELF DRIVING\Udacity\IMG\right_2020_09_30_17_07_11_127.jpg, 0, 1, 0, 30.18854
E:\SELF DRIVING\Udacity\IMG\center_2020_09_30_17_07_11_228.jpg, E:\SELF DRIVING\Udacity\IMG\left_2020_09_30_17_07_11_228.jpg, E:\SELF DRIVING\Udacity\IMG\right_2020_09_30_17_07_11_228.jpg, 0, 1, 0, 30.19047
E:\SELF DRIVING\Udacity\IMG\center_2020_09_30_17_07_11_330.jpg, E:\SELF DRIVING\Udacity\IMG\left_2020_09_30_17_07_11_330.jpg, E:\SELF DRIVING\Udacity\IMG\right_2020_09_30_17_07_11_330.jpg, 0, 1, 0, 30.19004
E:\SELF DRIVING\Udacity\IMG\center_2020_09_30_17_07_11_438.jpg, E:\SELF DRIVING\Udacity\IMG\left_2020_09_30_17_07_11_438.jpg, E:\SELF DRIVING\Udacity\IMG\right_2020_09_30_17_07_11_438.jpg, 0, 1, 0, 30.19042
E:\SELF DRIVING\Udacity\IMG\center_2020_09_30_17_07_11_537.jpg, E:\SELF DRIVING\Udacity\IMG\left_2020_09_30_17_07_11_537.jpg, E:\SELF DRIVING\Udacity\IMG\right_2020_09_30_17_07_11_537.jpg, -0.09539969, 1, 0, 30.18834
E:\SELF DRIVING\Udacity\IMG\center_2020_09_30_17_07_11_647.jpg, E:\SELF DRIVING\Udacity\IMG\left_2020_09_30_17_07_11_647.jpg, E:\SELF DRIVING\Udacity\IMG\right_2020_09_30_17_07_11_647.jpg, 0, 1, 0, 30.19012
E:\SELF DRIVING\Udacity\IMG\center_2020_09_30_17_07_11_755.jpg, E:\SELF DRIVING\Udacity\IMG\left_2020_09_30_17_07_11_755.jpg, E:\SELF DRIVING\Udacity\IMG\right_2020_09_30_17_07_11_755.jpg, 0, 1, 0, 30.19033
E:\SELF DRIVING\Udacity\IMG\center_2020_09_30_17_07_11_858.jpg, E:\SELF DRIVING\Udacity\IMG\left_2020_09_30_17_07_11_858.jpg, E:\SELF DRIVING\Udacity\IMG\right_2020_09_30_17_07_11_858.jpg, 0, 1, 0, 30.19031
E:\SELF DRIVING\Udacity\IMG\center_2020_09_30_17_07_11_963.jpg, E:\SELF DRIVING\Udacity\IMG\left_2020_09_30_17_07_11_963.jpg, E:\SELF DRIVING\Udacity\IMG\right_2020_09_30_17_07_11_963.jpg, -0.1469037, 1, 0, 30.1844
E:\SELF DRIVING\Udacity\IMG\center_2020_09_30_17_07_12_067.jpg, E:\SELF DRIVING\Udacity\IMG\left_2020_09_30_17_07_12_067.jpg, E:\SELF DRIVING\Udacity\IMG\right_2020_09_30_17_07_12_067.jpg, -0.3208383, 1, 0, 30.17074
E:\SELF DRIVING\Udacity\IMG\center_2020_09_30_17_07_12_171.jpg, E:\SELF DRIVING\Udacity\IMG\left_2020_09_30_17_07_12_171.jpg, E:\SELF DRIVING\Udacity\IMG\right_2020_09_30_17_07_12_171.jpg, -0.0358557, 1, 0, 30.18996
E:\SELF DRIVING\Udacity\IMG\center_2020_09_30_17_07_12_274.jpg, E:\SELF DRIVING\Udacity\IMG\left_2020_09_30_17_07_12_274.jpg, E:\SELF DRIVING\Udacity\IMG\right_2020_09_30_17_07_12_274.jpg, 0, 1, 0, 30.18999
E:\SELF DRIVING\Udacity\IMG\center_2020_09_30_17_07_12_382.jpg, E:\SELF DRIVING\Udacity\IMG\left_2020_09_30_17_07_12_382.jpg, E:\SELF DRIVING\Udacity\IMG\right_2020_09_30_17_07_12_382.jpg, -0.0251769, 1, 0, 30.19031
E:\SELF DRIVING\Udacity\IMG\center_2020_09_30_17_07_12_483.jpg, E:\SELF DRIVING\Udacity\IMG\left_2020_09_30_17_07_12_483.jpg, E:\SELF DRIVING\Udacity\IMG\right_2020_09_30_17_07_12_483.jpg, -0.2363004, 1, 0, 30.17877
E:\SELF DRIVING\Udacity\IMG\center_2020_09_30_17_07_12_585.jpg, E:\SELF DRIVING\Udacity\IMG\left_2020_09_30_17_07_12_585.jpg, E:\SELF DRIVING\Udacity\IMG\right_2020_09_30_17_07_12_585.jpg, 0, 1, 0, 30.18915
E:\SELF DRIVING\Udacity\IMG\center_2020_09_30_17_07_12_687.jpg, E:\SELF DRIVING\Udacity\IMG\left_2020_09_30_17_07_12_687.jpg, E:\SELF DRIVING\Udacity\IMG\right_2020_09_30_17_07_12_687.jpg, 0, 1, 0, 30.19018
E:\SELF DRIVING\Udacity\IMG\center_2020_09_30_17_07_12_794.jpg, E:\SELF DRIVING\Udacity\IMG\left_2020_09_30_17_07_12_794.jpg, E:\SELF DRIVING\Udacity\IMG\right_2020_09_30_17_07_12_794.jpg, 0, 1, 0, 30.19024
E:\SELF DRIVING\Udacity\IMG\center_2020_09_30_17_07_12_895.jpg, E:\SELF DRIVING\Udacity\IMG\left_2020_09_30_17_07_12_895.jpg, E:\SELF DRIVING\Udacity\IMG\right_2020_09_30_17_07_12_895.jpg, -0.0932628, 1, 0, 30.18873
E:\SELF DRIVING\Udacity\IMG\center_2020_09_30_17_07_13_002.jpg, E:\SELF DRIVING\Udacity\IMG\left_2020_09_30_17_07_13_002.jpg, E:\SELF DRIVING\Udacity\IMG\right_2020_09_30_17_07_13_002.jpg, -0.2974857, 1, 0, 30.17058
E:\SELF DRIVING\Udacity\IMG\center_2020_09_30_17_07_13_103.jpg, E:\SELF DRIVING\Udacity\IMG\left_2020_09_30_17_07_13_103.jpg, E:\SELF DRIVING\Udacity\IMG\right_2020_09_30_17_07_13_103.jpg, 0, 1, 0, 30.18937
E:\SELF DRIVING\Udacity\IMG\center_2020_09_30_17_07_13_202.jpg, E:\SELF DRIVING\Udacity\IMG\left_2020_09_30_17_07_13_202.jpg, E:\SELF DRIVING\Udacity\IMG\right_2020_09_30_17_07_13_202.jpg, 0, 1, 0, 30.18999
E:\SELF DRIVING\Udacity\IMG\center_2020_09_30_17_07_13_304.jpg, E:\SELF DRIVING\Udacity\IMG\left_2020_09_30_17_07_13_304.jpg, E:\SELF DRIVING\Udacity\IMG\right_2020_09_30_17_07_13_304.jpg, 0, 1, 0, 30.19027
E:\SELF DRIVING\Udacity\IMG\center_2020_09_30_17_07_13_405.jpg, E:\SELF DRIVING\Udacity\IMG\left_2020_09_30_17_07_13_405.jpg, E:\SELF DRIVING\Udacity\IMG\right_2020_09_30_17_07_13_405.jpg, -0.021072, 1, 0, 30.19022
E:\SELF DRIVING\Udacity\IMG\center_2020_09_30_17_07_13_508.jpg, E:\SELF DRIVING\Udacity\IMG\left_2020_09_30_17_07_13_508.jpg, E:\SELF DRIVING\Udacity\IMG\right_2020_09_30_17_07_13_508.jpg, -0.3067944, 1, 0, 30.16915
E:\SELF DRIVING\Udacity\IMG\center_2020_09_30_17_07_13_612.jpg, E:\SELF DRIVING\Udacity\IMG\left_2020_09_30_17_07_13_612.jpg, E:\SELF DRIVING\Udacity\IMG\right_2020_09_30_17_07_13_612.jpg, -0.04038841, 1, 0, 30.1905
E:\SELF DRIVING\Udacity\IMG\center_2020_09_30_17_07_13_715.jpg, E:\SELF DRIVING\Udacity\IMG\left_2020_09_30_17_07_13_715.jpg, E:\SELF DRIVING\Udacity\IMG\right_2020_09_30_17_07_13_715.jpg, 0, 1, 0, 30.18995
E:\SELF DRIVING\Udacity\IMG\center_2020_09_30_17_07_13_817.jpg, E:\SELF DRIVING\Udacity\IMG\left_2020_09_30_17_07_13_817.jpg, E:\SELF DRIVING\Udacity\IMG\right_2020_09_30_17_07_13_817.jpg, -0.0217953, 1, 0, 30.19032
E:\SELF DRIVING\Udacity\IMG\center_2020_09_30_17_07_13_925.jpg, E:\SELF DRIVING\Udacity\IMG\left_2020_09_30_17_07_13_925.jpg, E:\SELF DRIVING\Udacity\IMG\right_2020_09_30_17_07_13_925.jpg, -0.3214458, 1, 0, 30.16766
E:\SELF DRIVING\Udacity\IMG\center_2020_09_30_17_07_14_027.jpg, E:\SELF DRIVING\Udacity\IMG\left_2020_09_30_17_07_14_027.jpg, E:\SELF DRIVING\Udacity\IMG\right_2020_09_30_17_07_14_027.jpg, -0.07785364, 1, 0, 30.19117
E:\SELF DRIVING\Udacity\IMG\center_2020_09_30_17_07_14_130.jpg, E:\SELF DRIVING\Udacity\IMG\left_2020_09_30_17_07_14_130.jpg, E:\SELF DRIVING\Udacity\IMG\right_2020_09_30_17_07_14_130.jpg, 0, 1, 0, 30.18992
E:\SELF DRIVING\Udacity\IMG\center_2020_09_30_17_07_14_231.jpg, E:\SELF DRIVING\Udacity\IMG\left_2020_09_30_17_07_14_231.jpg, E:\SELF DRIVING\Udacity\IMG\right_2020_09_30_17_07_14_231.jpg, 0, 1, 0, 30.19028
E:\SELF DRIVING\Udacity\IMG\center_2020_09_30_17_07_14_339.jpg, E:\SELF DRIVING\Udacity\IMG\left_2020_09_30_17_07_14_339.jpg, E:\SELF DRIVING\Udacity\IMG\right_2020_09_30_17_07_14_339.jpg, 0, 1, 0, 30.19028
E:\SELF DRIVING\Udacity\IMG\center_2020_09_30_17_07_14_444.jpg, E:\SELF DRIVING\Udacity\IMG\left_2020_09_30_17_07_14_444.jpg, E:\SELF DRIVING\Udacity\IMG\right_2020_09_30_17_07_14_444.jpg, -0.1971345, 1, 0, 30.18004
E:\SELF DRIVING\Udacity\IMG\center_2020_09_30_17_07_14_550.jpg, E:\SELF DRIVING\Udacity\IMG\left_2020_09_30_17_07_14_550.jpg, E:\SELF DRIVING\Udacity\IMG\right_2020_09_30_17_07_14_550.jpg, -0.3567558, 1, 0, 30.1672
E:\SELF DRIVING\Udacity\IMG\center_2020_09_30_17_07_14_657.jpg, E:\SELF DRIVING\Udacity\IMG\left_2020_09_30_17_07_14_657.jpg, E:\SELF DRIVING\Udacity\IMG\right_2020_09_30_17_07_14_657.jpg, 0, 1, 0, 30.18859
E:\SELF DRIVING\Udacity\IMG\center_2020_09_30_17_07_14_764.jpg, E:\SELF DRIVING\Udacity\IMG\left_2020_09_30_17_07_14_764.jpg, E:\SELF DRIVING\Udacity\IMG\right_2020_09_30_17_07_14_764.jpg, 0, 1, 0, 30.18986
E:\SELF DRIVING\Udacity\IMG\center_2020_09_30_17_07_14_866.jpg, E:\SELF DRIVING\Udacity\IMG\left_2020_09_30_17_07_14_866.jpg, E:\SELF DRIVING\Udacity\IMG\right_2020_09_30_17_07_14_866.jpg, 0, 1, 0, 30.19028
E:\SELF DRIVING\Udacity\IMG\center_2020_09_30_17_07_14_967.jpg, E:\SELF DRIVING\Udacity\IMG\left_2020_09_30_17_07_14_967.jpg, E:\SELF DRIVING\Udacity\IMG\right_2020_09_30_17_07_14_967.jpg, -0.2576154, 1, 0, 30.17575
E:\SELF DRIVING\Udacity\IMG\center_2020_09_30_17_07_15_070.jpg, E:\SELF DRIVING\Udacity\IMG\left_2020_09_30_17_07_15_070.jpg, E:\SELF DRIVING\Udacity\IMG\right_2020_09_30_17_07_15_070.jpg, -0.2768742, 1, 0, 30.18506
E:\SELF DRIVING\Udacity\IMG\center_2020_09_30_17_07_15_174.jpg, E:\SELF DRIVING\Udacity\IMG\left_2020_09_30_17_07_15_174.jpg, E:\SELF DRIVING\Udacity\IMG\right_2020_09_30_17_07_15_174.jpg, 0, 1, 0, 30.18757
E:\SELF DRIVING\Udacity\IMG\center_2020_09_30_17_07_15_280.jpg, E:\SELF DRIVING\Udacity\IMG\left_2020_09_30_17_07_15_280.jpg, E:\SELF DRIVING\Udacity\IMG\right_2020_09_30_17_07_15_280.jpg, 0, 1, 0, 30.18983
E:\SELF DRIVING\Udacity\IMG\center_2020_09_30_17_07_15_380.jpg, E:\SELF DRIVING\Udacity\IMG\left_2020_09_30_17_07_15_380.jpg, E:\SELF DRIVING\Udacity\IMG\right_2020_09_30_17_07_15_380.jpg, 0, 1, 0, 30.19065
E:\SELF DRIVING\Udacity\IMG\center_2020_09_30_17_07_15_486.jpg, E:\SELF DRIVING\Udacity\IMG\left_2020_09_30_17_07_15_486.jpg, E:\SELF DRIVING\Udacity\IMG\right_2020_09_30_17_07_15_486.jpg, 0, 1, 0, 30.19024
E:\SELF DRIVING\Udacity\IMG\center_2020_09_30_17_07_15_591.jpg, E:\SELF DRIVING\Udacity\IMG\left_2020_09_30_17_07_15_591.jpg, E:\SELF DRIVING\Udacity\IMG\right_2020_09_30_17_07_15_591.jpg, -0.0227151, 1, 0, 30.19007
E:\SELF DRIVING\Udacity\IMG\center_2020_09_30_17_07_15_692.jpg, E:\SELF DRIVING\Udacity\IMG\left_2020_09_30_17_07_15_692.jpg, E:\SELF DRIVING\Udacity\IMG\right_2020_09_30_17_07_15_692.jpg, -0.3247629, 1, 0, 30.16521
E:\SELF DRIVING\Udacity\IMG\center_2020_09_30_17_07_15_797.jpg, E:\SELF DRIVING\Udacity\IMG\left_2020_09_30_17_07_15_797.jpg, E:\SELF DRIVING\Udacity\IMG\right_2020_09_30_17_07_15_797.jpg, -0.05233592, 1, 0, 30.19135
E:\SELF DRIVING\Udacity\IMG\center_2020_09_30_17_07_15_903.jpg, E:\SELF DRIVING\Udacity\IMG\left_2020_09_30_17_07_15_903.jpg, E:\SELF DRIVING\Udacity\IMG\right_2020_09_30_17_07_15_903.jpg, 0, 1, 0, 30.18985
E:\SELF DRIVING\Udacity\IMG\center_2020_09_30_17_07_16_004.jpg, E:\SELF DRIVING\Udacity\IMG\left_2020_09_30_17_07_16_004.jpg, E:\SELF DRIVING\Udacity\IMG\right_2020_09_30_17_07_16_004.jpg, 0, 1, 0, 30.19138
E:\SELF DRIVING\Udacity\IMG\center_2020_09_30_17_07_16_106.jpg, E:\SELF DRIVING\Udacity\IMG\left_2020_09_30_17_07_16_106.jpg, E:\SELF DRIVING\Udacity\IMG\right_2020_09_30_17_07_16_106.jpg, 0, 1, 0, 30.19048
E:\SELF DRIVING\Udacity\IMG\center_2020_09_30_17_07_16_212.jpg, E:\SELF DRIVING\Udacity\IMG\left_2020_09_30_17_07_16_212.jpg, E:\SELF DRIVING\Udacity\IMG\right_2020_09_30_17_07_16_212.jpg, 0, 1, 0, 30.19039
E:\SELF DRIVING\Udacity\IMG\center_2020_09_30_17_07_16_317.jpg, E:\SELF DRIVING\Udacity\IMG\left_2020_09_30_17_07_16_317.jpg, E:\SELF DRIVING\Udacity\IMG\right_2020_09_30_17_07_16_317.jpg, -0.1242435, 1, 0, 30.18608
E:\SELF DRIVING\Udacity\IMG\center_2020_09_30_17_07_16_419.jpg, E:\SELF DRIVING\Udacity\IMG\left_2020_09_30_17_07_16_419.jpg, E:\SELF DRIVING\Udacity\IMG\right_2020_09_30_17_07_16_419.jpg, -0.4102359, 1, 0, 30.15362
E:\SELF DRIVING\Udacity\IMG\center_2020_09_30_17_07_16_524.jpg, E:\SELF DRIVING\Udacity\IMG\left_2020_09_30_17_07_16_524.jpg, E:\SELF DRIVING\Udacity\IMG\right_2020_09_30_17_07_16_524.jpg, -0.1342269, 1, 0, 30.19208
E:\SELF DRIVING\Udacity\IMG\center_2020_09_30_17_07_16_625.jpg, E:\SELF DRIVING\Udacity\IMG\left_2020_09_30_17_07_16_625.jpg, E:\SELF DRIVING\Udacity\IMG\right_2020_09_30_17_07_16_625.jpg, 0, 1, 0, 30.18805
E:\SELF DRIVING\Udacity\IMG\center_2020_09_30_17_07_16_726.jpg, E:\SELF DRIVING\Udacity\IMG\left_2020_09_30_17_07_16_726.jpg, E:\SELF DRIVING\Udacity\IMG\right_2020_09_30_17_07_16_726.jpg, 0, 1, 0, 30.19054
E:\SELF DRIVING\Udacity\IMG\center_2020_09_30_17_07_16_833.jpg, E:\SELF DRIVING\Udacity\IMG\left_2020_09_30_17_07_16_833.jpg, E:\SELF DRIVING\Udacity\IMG\right_2020_09_30_17_07_16_833.jpg, 0, 1, 0, 30.19012
E:\SELF DRIVING\Udacity\IMG\center_2020_09_30_17_07_16_937.jpg, E:\SELF DRIVING\Udacity\IMG\left_2020_09_30_17_07_16_937.jpg, E:\SELF DRIVING\Udacity\IMG\right_2020_09_30_17_07_16_937.jpg, -0.1619079, 1, 0, 30.18353
E:\SELF DRIVING\Udacity\IMG\center_2020_09_30_17_07_17_042.jpg, E:\SELF DRIVING\Udacity\IMG\left_2020_09_30_17_07_17_042.jpg, E:\SELF DRIVING\Udacity\IMG\right_2020_09_30_17_07_17_042.jpg, -0.2989218, 1, 0, 30.17469
E:\SELF DRIVING\Udacity\IMG\center_2020_09_30_17_07_17_146.jpg, E:\SELF DRIVING\Udacity\IMG\left_2020_09_30_17_07_17_146.jpg, E:\SELF DRIVING\Udacity\IMG\right_2020_09_30_17_07_17_146.jpg, -0.009760501, 1, 0, 30.18917
E:\SELF DRIVING\Udacity\IMG\center_2020_09_30_17_07_17_249.jpg, E:\SELF DRIVING\Udacity\IMG\left_2020_09_30_17_07_17_249.jpg, E:\SELF DRIVING\Udacity\IMG\right_2020_09_30_17_07_17_249.jpg, 0, 1, 0, 30.18996
E:\SELF DRIVING\Udacity\IMG\center_2020_09_30_17_07_17_350.jpg, E:\SELF DRIVING\Udacity\IMG\left_2020_09_30_17_07_17_350.jpg, E:\SELF DRIVING\Udacity\IMG\right_2020_09_30_17_07_17_350.jpg, 0, 1, 0, 30.19026
E:\SELF DRIVING\Udacity\IMG\center_2020_09_30_17_07_17_457.jpg, E:\SELF DRIVING\Udacity\IMG\left_2020_09_30_17_07_17_457.jpg, E:\SELF DRIVING\Udacity\IMG\right_2020_09_30_17_07_17_457.jpg, -0.0453984, 1, 0, 30.1899
E:\SELF DRIVING\Udacity\IMG\center_2020_09_30_17_07_17_560.jpg, E:\SELF DRIVING\Udacity\IMG\left_2020_09_30_17_07_17_560.jpg, E:\SELF DRIVING\Udacity\IMG\right_2020_09_30_17_07_17_560.jpg, -0.3346179, 1, 0, 30.16445
E:\SELF DRIVING\Udacity\IMG\center_2020_09_30_17_07_17_664.jpg, E:\SELF DRIVING\Udacity\IMG\left_2020_09_30_17_07_17_664.jpg, E:\SELF DRIVING\Udacity\IMG\right_2020_09_30_17_07_17_664.jpg, -0.06663331, 1, 0, 30.19112
E:\SELF DRIVING\Udacity\IMG\center_2020_09_30_17_07_17_769.jpg, E:\SELF DRIVING\Udacity\IMG\left_2020_09_30_17_07_17_769.jpg, E:\SELF DRIVING\Udacity\IMG\right_2020_09_30_17_07_17_769.jpg, 0, 1, 0, 30.18992
E:\SELF DRIVING\Udacity\IMG\center_2020_09_30_17_07_17_871.jpg, E:\SELF DRIVING\Udacity\IMG\left_2020_09_30_17_07_17_871.jpg, E:\SELF DRIVING\Udacity\IMG\right_2020_09_30_17_07_17_871.jpg, -0.0441051, 1, 0, 30.19016
E:\SELF DRIVING\Udacity\IMG\center_2020_09_30_17_07_17_976.jpg, E:\SELF DRIVING\Udacity\IMG\left_2020_09_30_17_07_17_976.jpg, E:\SELF DRIVING\Udacity\IMG\right_2020_09_30_17_07_17_976.jpg, -0.2622435, 1, 0, 30.17769
E:\SELF DRIVING\Udacity\IMG\center_2020_09_30_17_07_18_081.jpg, E:\SELF DRIVING\Udacity\IMG\left_2020_09_30_17_07_18_081.jpg, E:\SELF DRIVING\Udacity\IMG\right_2020_09_30_17_07_18_081.jpg, 0, 1, 0, 30.18899
E:\SELF DRIVING\Udacity\IMG\center_2020_09_30_17_07_18_183.jpg, E:\SELF DRIVING\Udacity\IMG\left_2020_09_30_17_07_18_183.jpg, E:\SELF DRIVING\Udacity\IMG\right_2020_09_30_17_07_18_183.jpg, 0, 1, 0, 30.1901
E:\SELF DRIVING\Udacity\IMG\center_2020_09_30_17_07_18_287.jpg, E:\SELF DRIVING\Udacity\IMG\left_2020_09_30_17_07_18_287.jpg, E:\SELF DRIVING\Udacity\IMG\right_2020_09_30_17_07_18_287.jpg, 0, 1, 0, 30.19029
E:\SELF DRIVING\Udacity\IMG\center_2020_09_30_17_07_18_390.jpg, E:\SELF DRIVING\Udacity\IMG\left_2020_09_30_17_07_18_390.jpg, E:\SELF DRIVING\Udacity\IMG\right_2020_09_30_17_07_18_390.jpg, 0, 1, 0, 30.19028
E:\SELF DRIVING\Udacity\IMG\center_2020_09_30_17_07_18_492.jpg, E:\SELF DRIVING\Udacity\IMG\left_2020_09_30_17_07_18_492.jpg, E:\SELF DRIVING\Udacity\IMG\right_2020_09_30_17_07_18_492.jpg, -0.1752294, 1, 0, 30.18211
E:\SELF DRIVING\Udacity\IMG\center_2020_09_30_17_07_18_594.jpg, E:\SELF DRIVING\Udacity\IMG\left_2020_09_30_17_07_18_594.jpg, E:\SELF DRIVING\Udacity\IMG\right_2020_09_30_17_07_18_594.jpg, 0, 1, 0, 30.19
E:\SELF DRIVING\Udacity\IMG\center_2020_09_30_17_07_18_700.jpg, E:\SELF DRIVING\Udacity\IMG\left_2020_09_30_17_07_18_700.jpg, E:\SELF DRIVING\Udacity\IMG\right_2020_09_30_17_07_18_700.jpg, 0, 1, 0, 30.19028
E:\SELF DRIVING\Udacity\IMG\center_2020_09_30_17_07_18_802.jpg, E:\SELF DRIVING\Udacity\IMG\left_2020_09_30_17_07_18_802.jpg, E:\SELF DRIVING\Udacity\IMG\right_2020_09_30_17_07_18_802.jpg, 0, 1, 0, 30.19029
E:\SELF DRIVING\Udacity\IMG\center_2020_09_30_17_07_18_911.jpg, E:\SELF DRIVING\Udacity\IMG\left_2020_09_30_17_07_18_911.jpg, E:\SELF DRIVING\Udacity\IMG\right_2020_09_30_17_07_18_911.jpg, 0, 1, 0, 30.1903
E:\SELF DRIVING\Udacity\IMG\center_2020_09_30_17_07_19_016.jpg, E:\SELF DRIVING\Udacity\IMG\left_2020_09_30_17_07_19_016.jpg, E:\SELF DRIVING\Udacity\IMG\right_2020_09_30_17_07_19_016.jpg, -0.3630871, 1, 0, 30.16095
E:\SELF DRIVING\Udacity\IMG\center_2020_09_30_17_07_19_118.jpg, E:\SELF DRIVING\Udacity\IMG\left_2020_09_30_17_07_19_118.jpg, E:\SELF DRIVING\Udacity\IMG\right_2020_09_30_17_07_19_118.jpg, -0.05406272, 1, 0, 30.19089
E:\SELF DRIVING\Udacity\IMG\center_2020_09_30_17_07_19_222.jpg, E:\SELF DRIVING\Udacity\IMG\left_2020_09_30_17_07_19_222.jpg, E:\SELF DRIVING\Udacity\IMG\right_2020_09_30_17_07_19_222.jpg, 0, 1, 0, 30.18977
E:\SELF DRIVING\Udacity\IMG\center_2020_09_30_17_07_19_324.jpg, E:\SELF DRIVING\Udacity\IMG\left_2020_09_30_17_07_19_324.jpg, E:\SELF DRIVING\Udacity\IMG\right_2020_09_30_17_07_19_324.jpg, 0, 1, 0, 30.19021
E:\SELF DRIVING\Udacity\IMG\center_2020_09_30_17_07_19_429.jpg, E:\SELF DRIVING\Udacity\IMG\left_2020_09_30_17_07_19_429.jpg, E:\SELF DRIVING\Udacity\IMG\right_2020_09_30_17_07_19_429.jpg, -0.0228558, 1, 0, 30.19029
E:\SELF DRIVING\Udacity\IMG\center_2020_09_30_17_07_19_533.jpg, E:\SELF DRIVING\Udacity\IMG\left_2020_09_30_17_07_19_533.jpg, E:\SELF DRIVING\Udacity\IMG\right_2020_09_30_17_07_19_533.jpg, -0.3789741, 1, 0, 30.15911
E:\SELF DRIVING\Udacity\IMG\center_2020_09_30_17_07_19_639.jpg, E:\SELF DRIVING\Udacity\IMG\left_2020_09_30_17_07_19_639.jpg, E:\SELF DRIVING\Udacity\IMG\right_2020_09_30_17_07_19_639.jpg, -0.06293517, 1, 0, 30.19114
E:\SELF DRIVING\Udacity\IMG\center_2020_09_30_17_07_19_744.jpg, E:\SELF DRIVING\Udacity\IMG\left_2020_09_30_17_07_19_744.jpg, E:\SELF DRIVING\Udacity\IMG\right_2020_09_30_17_07_19_744.jpg, 0, 1, 0, 30.18974
E:\SELF DRIVING\Udacity\IMG\center_2020_09_30_17_07_19_848.jpg, E:\SELF DRIVING\Udacity\IMG\left_2020_09_30_17_07_19_848.jpg, E:\SELF DRIVING\Udacity\IMG\right_2020_09_30_17_07_19_848.jpg, 0, 1, 0, 30.19026
E:\SELF DRIVING\Udacity\IMG\center_2020_09_30_17_07_19_950.jpg, E:\SELF DRIVING\Udacity\IMG\left_2020_09_30_17_07_19_950.jpg, E:\SELF DRIVING\Udacity\IMG\right_2020_09_30_17_07_19_950.jpg, 0, 1, 0, 30.19034
E:\SELF DRIVING\Udacity\IMG\center_2020_09_30_17_07_20_056.jpg, E:\SELF DRIVING\Udacity\IMG\left_2020_09_30_17_07_20_056.jpg, E:\SELF DRIVING\Udacity\IMG\right_2020_09_30_17_07_20_056.jpg, 0, 1, 0, 30.19028
E:\SELF DRIVING\Udacity\IMG\center_2020_09_30_17_07_20_160.jpg, E:\SELF DRIVING\Udacity\IMG\left_2020_09_30_17_07_20_160.jpg, E:\SELF DRIVING\Udacity\IMG\right_2020_09_30_17_07_20_160.jpg, -0.1029576, 1, 0, 30.18768
E:\SELF DRIVING\Udacity\IMG\center_2020_09_30_17_07_20_266.jpg, E:\SELF DRIVING\Udacity\IMG\left_2020_09_30_17_07_20_266.jpg, E:\SELF DRIVING\Udacity\IMG\right_2020_09_30_17_07_20_266.jpg, -0.2063052, 1, 0, 30.18299
E:\SELF DRIVING\Udacity\IMG\center_2020_09_30_17_07_20_375.jpg, E:\SELF DRIVING\Udacity\IMG\left_2020_09_30_17_07_20_375.jpg, E:\SELF DRIVING\Udacity\IMG\right_2020_09_30_17_07_20_375.jpg, 0, 1, 0, 30.18968
E:\SELF DRIVING\Udacity\IMG\center_2020_09_30_17_07_20_478.jpg, E:\SELF DRIVING\Udacity\IMG\left_2020_09_30_17_07_20_478.jpg, E:\SELF DRIVING\Udacity\IMG\right_2020_09_30_17_07_20_478.jpg, 0, 1, 0, 30.19019
E:\SELF DRIVING\Udacity\IMG\center_2020_09_30_17_07_20_582.jpg, E:\SELF DRIVING\Udacity\IMG\left_2020_09_30_17_07_20_582.jpg, E:\SELF DRIVING\Udacity\IMG\right_2020_09_30_17_07_20_582.jpg, 0, 1, 0, 30.19028
E:\SELF DRIVING\Udacity\IMG\center_2020_09_30_17_07_20_688.jpg, E:\SELF DRIVING\Udacity\IMG\left_2020_09_30_17_07_20_688.jpg, E:\SELF DRIVING\Udacity\IMG\right_2020_09_30_17_07_20_688.jpg, 0, 1, 0, 30.19025
E:\SELF DRIVING\Udacity\IMG\center_2020_09_30_17_07_20_795.jpg, E:\SELF DRIVING\Udacity\IMG\left_2020_09_30_17_07_20_795.jpg, E:\SELF DRIVING\Udacity\IMG\right_2020_09_30_17_07_20_795.jpg, 0, 1, 0, 30.19028
E:\SELF DRIVING\Udacity\IMG\center_2020_09_30_17_07_20_901.jpg, E:\SELF DRIVING\Udacity\IMG\left_2020_09_30_17_07_20_901.jpg, E:\SELF DRIVING\Udacity\IMG\right_2020_09_30_17_07_20_901.jpg, 0, 1, 0, 30.19035
E:\SELF DRIVING\Udacity\IMG\center_2020_09_30_17_07_21_008.jpg, E:\SELF DRIVING\Udacity\IMG\left_2020_09_30_17_07_21_008.jpg, E:\SELF DRIVING\Udacity\IMG\right_2020_09_30_17_07_21_008.jpg, 0, 1, 0, 30.19028
E:\SELF DRIVING\Udacity\IMG\center_2020_09_30_17_07_21_115.jpg, E:\SELF DRIVING\Udacity\IMG\left_2020_09_30_17_07_21_115.jpg, E:\SELF DRIVING\Udacity\IMG\right_2020_09_30_17_07_21_115.jpg, 0, 1, 0, 30.1903
E:\SELF DRIVING\Udacity\IMG\center_2020_09_30_17_07_21_217.jpg, E:\SELF DRIVING\Udacity\IMG\left_2020_09_30_17_07_21_217.jpg, E:\SELF DRIVING\Udacity\IMG\right_2020_09_30_17_07_21_217.jpg, 0, 1, 0, 30.19029
E:\SELF DRIVING\Udacity\IMG\center_2020_09_30_17_07_21_322.jpg, E:\SELF DRIVING\Udacity\IMG\left_2020_09_30_17_07_21_322.jpg, E:\SELF DRIVING\Udacity\IMG\right_2020_09_30_17_07_21_322.jpg, -0.1065726, 1, 0, 30.18736
E:\SELF DRIVING\Udacity\IMG\center_2020_09_30_17_07_21_425.jpg, E:\SELF DRIVING\Udacity\IMG\left_2020_09_30_17_07_21_425.jpg, E:\SELF DRIVING\Udacity\IMG\right_2020_09_30_17_07_21_425.jpg, -0.05322811, 1, 0, 30.19067
E:\SELF DRIVING\Udacity\IMG\center_2020_09_30_17_07_21_529.jpg, E:\SELF DRIVING\Udacity\IMG\left_2020_09_30_17_07_21_529.jpg, E:\SELF DRIVING\Udacity\IMG\right_2020_09_30_17_07_21_529.jpg, 0, 1, 0, 30.1901
E:\SELF DRIVING\Udacity\IMG\center_2020_09_30_17_07_21_633.jpg, E:\SELF DRIVING\Udacity\IMG\left_2020_09_30_17_07_21_633.jpg, E:\SELF DRIVING\Udacity\IMG\right_2020_09_30_17_07_21_633.jpg, 0, 1, 0, 30.19029
E:\SELF DRIVING\Udacity\IMG\center_2020_09_30_17_07_21_732.jpg, E:\SELF DRIVING\Udacity\IMG\left_2020_09_30_17_07_21_732.jpg, E:\SELF DRIVING\Udacity\IMG\right_2020_09_30_17_07_21_732.jpg, 0, 1, 0, 30.19033
E:\SELF DRIVING\Udacity\IMG\center_2020_09_30_17_07_21_833.jpg, E:\SELF DRIVING\Udacity\IMG\left_2020_09_30_17_07_21_833.jpg, E:\SELF DRIVING\Udacity\IMG\right_2020_09_30_17_07_21_833.jpg, 0, 1, 0, 30.19029
E:\SELF DRIVING\Udacity\IMG\center_2020_09_30_17_07_21_939.jpg, E:\SELF DRIVING\Udacity\IMG\left_2020_09_30_17_07_21_939.jpg, E:\SELF DRIVING\Udacity\IMG\right_2020_09_30_17_07_21_939.jpg, 0, 1, 0, 30.19032
E:\SELF DRIVING\Udacity\IMG\center_2020_09_30_17_07_22_042.jpg, E:\SELF DRIVING\Udacity\IMG\left_2020_09_30_17_07_22_042.jpg, E:\SELF DRIVING\Udacity\IMG\right_2020_09_30_17_07_22_042.jpg, 0, 1, 0, 30.19028
E:\SELF DRIVING\Udacity\IMG\center_2020_09_30_17_07_22_145.jpg, E:\SELF DRIVING\Udacity\IMG\left_2020_09_30_17_07_22_145.jpg, E:\SELF DRIVING\Udacity\IMG\right_2020_09_30_17_07_22_145.jpg, 0, 1, 0, 30.19033
E:\SELF DRIVING\Udacity\IMG\center_2020_09_30_17_07_22_249.jpg, E:\SELF DRIVING\Udacity\IMG\left_2020_09_30_17_07_22_249.jpg, E:\SELF DRIVING\Udacity\IMG\right_2020_09_30_17_07_22_249.jpg, -0.2634936, 1, 0, 30.17309
E:\SELF DRIVING\Udacity\IMG\center_2020_09_30_17_07_22_355.jpg, E:\SELF DRIVING\Udacity\IMG\left_2020_09_30_17_07_22_355.jpg, E:\SELF DRIVING\Udacity\IMG\right_2020_09_30_17_07_22_355.jpg, 0, 1, 0, 30.18937
E:\SELF DRIVING\Udacity\IMG\center_2020_09_30_17_07_22_461.jpg, E:\SELF DRIVING\Udacity\IMG\left_2020_09_30_17_07_22_461.jpg, E:\SELF DRIVING\Udacity\IMG\right_2020_09_30_17_07_22_461.jpg, 0, 1, 0, 30.19006
E:\SELF DRIVING\Udacity\IMG\center_2020_09_30_17_07_22_563.jpg, E:\SELF DRIVING\Udacity\IMG\left_2020_09_30_17_07_22_563.jpg, E:\SELF DRIVING\Udacity\IMG\right_2020_09_30_17_07_22_563.jpg, 0, 1, 0, 30.19028
E:\SELF DRIVING\Udacity\IMG\center_2020_09_30_17_07_22_670.jpg, E:\SELF DRIVING\Udacity\IMG\left_2020_09_30_17_07_22_670.jpg, E:\SELF DRIVING\Udacity\IMG\right_2020_09_30_17_07_22_670.jpg, 0, 1, 0, 30.1903
E:\SELF DRIVING\Udacity\IMG\center_2020_09_30_17_07_22_771.jpg, E:\SELF DRIVING\Udacity\IMG\left_2020_09_30_17_07_22_771.jpg, E:\SELF DRIVING\Udacity\IMG\right_2020_09_30_17_07_22_771.jpg, 0, 1, 0, 30.19029
E:\SELF DRIVING\Udacity\IMG\center_2020_09_30_17_07_22_873.jpg, E:\SELF DRIVING\Udacity\IMG\left_2020_09_30_17_07_22_873.jpg, E:\SELF DRIVING\Udacity\IMG\right_2020_09_30_17_07_22_873.jpg, 0, 1, 0, 30.19028
E:\SELF DRIVING\Udacity\IMG\center_2020_09_30_17_07_22_979.jpg, E:\SELF DRIVING\Udacity\IMG\left_2020_09_30_17_07_22_979.jpg, E:\SELF DRIVING\Udacity\IMG\right_2020_09_30_17_07_22_979.jpg, 0, 1, 0, 30.19028
E:\SELF DRIVING\Udacity\IMG\center_2020_09_30_17_07_23_084.jpg, E:\SELF DRIVING\Udacity\IMG\left_2020_09_30_17_07_23_084.jpg, E:\SELF DRIVING\Udacity\IMG\right_2020_09_30_17_07_23_084.jpg, 0, 1, 0, 30.19031
E:\SELF DRIVING\Udacity\IMG\center_2020_09_30_17_07_23_190.jpg, E:\SELF DRIVING\Udacity\IMG\left_2020_09_30_17_07_23_190.jpg, E:\SELF DRIVING\Udacity\IMG\right_2020_09_30_17_07_23_190.jpg, 0, 1, 0, 30.19027
E:\SELF DRIVING\Udacity\IMG\center_2020_09_30_17_07_23_298.jpg, E:\SELF DRIVING\Udacity\IMG\left_2020_09_30_17_07_23_298.jpg, E:\SELF DRIVING\Udacity\IMG\right_2020_09_30_17_07_23_298.jpg, -0.1831761, 1, 0, 30.18069
E:\SELF DRIVING\Udacity\IMG\center_2020_09_30_17_07_23_406.jpg, E:\SELF DRIVING\Udacity\IMG\left_2020_09_30_17_07_23_406.jpg, E:\SELF DRIVING\Udacity\IMG\right_2020_09_30_17_07_23_406.jpg, 0, 1, 0, 30.19004
E:\SELF DRIVING\Udacity\IMG\center_2020_09_30_17_07_23_512.jpg, E:\SELF DRIVING\Udacity\IMG\left_2020_09_30_17_07_23_512.jpg, E:\SELF DRIVING\Udacity\IMG\right_2020_09_30_17_07_23_512.jpg, 0, 1, 0, 30.19029
E:\SELF DRIVING\Udacity\IMG\center_2020_09_30_17_07_23_613.jpg, E:\SELF DRIVING\Udacity\IMG\left_2020_09_30_17_07_23_613.jpg, E:\SELF DRIVING\Udacity\IMG\right_2020_09_30_17_07_23_613.jpg, 0, 1, 0, 30.19029
E:\SELF DRIVING\Udacity\IMG\center_2020_09_30_17_07_23_717.jpg, E:\SELF DRIVING\Udacity\IMG\left_2020_09_30_17_07_23_717.jpg, E:\SELF DRIVING\Udacity\IMG\right_2020_09_30_17_07_23_717.jpg, 0, 1, 0, 30.19029
E:\SELF DRIVING\Udacity\IMG\center_2020_09_30_17_07_23_850.jpg, E:\SELF DRIVING\Udacity\IMG\left_2020_09_30_17_07_23_850.jpg, E:\SELF DRIVING\Udacity\IMG\right_2020_09_30_17_07_23_850.jpg, 0, 1, 0, 30.1903
E:\SELF DRIVING\Udacity\IMG\center_2020_09_30_17_07_23_957.jpg, E:\SELF DRIVING\Udacity\IMG\left_2020_09_30_17_07_23_957.jpg, E:\SELF DRIVING\Udacity\IMG\right_2020_09_30_17_07_23_957.jpg, 0, 1, 0, 30.19031
E:\SELF DRIVING\Udacity\IMG\center_2020_09_30_17_07_24_061.jpg, E:\SELF DRIVING\Udacity\IMG\left_2020_09_30_17_07_24_061.jpg, E:\SELF DRIVING\Udacity\IMG\right_2020_09_30_17_07_24_061.jpg, 0, 1, 0, 30.19026
E:\SELF DRIVING\Udacity\IMG\center_2020_09_30_17_07_24_162.jpg, E:\SELF DRIVING\Udacity\IMG\left_2020_09_30_17_07_24_162.jpg, E:\SELF DRIVING\Udacity\IMG\right_2020_09_30_17_07_24_162.jpg, 0, 1, 0, 30.19032
E:\SELF DRIVING\Udacity\IMG\center_2020_09_30_17_07_24_263.jpg, E:\SELF DRIVING\Udacity\IMG\left_2020_09_30_17_07_24_263.jpg, E:\SELF DRIVING\Udacity\IMG\right_2020_09_30_17_07_24_263.jpg, -0.2854917, 1, 0, 30.1709
E:\SELF DRIVING\Udacity\IMG\center_2020_09_30_17_07_24_365.jpg, E:\SELF DRIVING\Udacity\IMG\left_2020_09_30_17_07_24_365.jpg, E:\SELF DRIVING\Udacity\IMG\right_2020_09_30_17_07_24_365.jpg, -0.02497741, 1, 0, 30.19022
E:\SELF DRIVING\Udacity\IMG\center_2020_09_30_17_07_24_466.jpg, E:\SELF DRIVING\Udacity\IMG\left_2020_09_30_17_07_24_466.jpg, E:\SELF DRIVING\Udacity\IMG\right_2020_09_30_17_07_24_466.jpg, 0, 1, 0, 30.19001
E:\SELF DRIVING\Udacity\IMG\center_2020_09_30_17_07_24_571.jpg, E:\SELF DRIVING\Udacity\IMG\left_2020_09_30_17_07_24_571.jpg, E:\SELF DRIVING\Udacity\IMG\right_2020_09_30_17_07_24_571.jpg, 0, 1, 0, 30.19024
E:\SELF DRIVING\Udacity\IMG\center_2020_09_30_17_07_24_677.jpg, E:\SELF DRIVING\Udacity\IMG\left_2020_09_30_17_07_24_677.jpg, E:\SELF DRIVING\Udacity\IMG\right_2020_09_30_17_07_24_677.jpg, 0, 1, 0, 30.19044
E:\SELF DRIVING\Udacity\IMG\center_2020_09_30_17_07_24_785.jpg, E:\SELF DRIVING\Udacity\IMG\left_2020_09_30_17_07_24_785.jpg, E:\SELF DRIVING\Udacity\IMG\right_2020_09_30_17_07_24_785.jpg, 0, 1, 0, 30.18996
E:\SELF DRIVING\Udacity\IMG\center_2020_09_30_17_07_24_892.jpg, E:\SELF DRIVING\Udacity\IMG\left_2020_09_30_17_07_24_892.jpg, E:\SELF DRIVING\Udacity\IMG\right_2020_09_30_17_07_24_892.jpg, 0, 1, 0, 30.18984
E:\SELF DRIVING\Udacity\IMG\center_2020_09_30_17_07_24_996.jpg, E:\SELF DRIVING\Udacity\IMG\left_2020_09_30_17_07_24_996.jpg, E:\SELF DRIVING\Udacity\IMG\right_2020_09_30_17_07_24_996.jpg, -0.1541583, 1, 0, 30.18311
E:\SELF DRIVING\Udacity\IMG\center_2020_09_30_17_07_25_097.jpg, E:\SELF DRIVING\Udacity\IMG\left_2020_09_30_17_07_25_097.jpg, E:\SELF DRIVING\Udacity\IMG\right_2020_09_30_17_07_25_097.jpg, 0, 1, 0, 30.18977
E:\SELF DRIVING\Udacity\IMG\center_2020_09_30_17_07_25_203.jpg, E:\SELF DRIVING\Udacity\IMG\left_2020_09_30_17_07_25_203.jpg, E:\SELF DRIVING\Udacity\IMG\right_2020_09_30_17_07_25_203.jpg, 0, 1, 0, 30.19021
E:\SELF DRIVING\Udacity\IMG\center_2020_09_30_17_07_25_311.jpg, E:\SELF DRIVING\Udacity\IMG\left_2020_09_30_17_07_25_311.jpg, E:\SELF DRIVING\Udacity\IMG\right_2020_09_30_17_07_25_311.jpg, 0, 1, 0, 30.1902
E:\SELF DRIVING\Udacity\IMG\center_2020_09_30_17_07_25_430.jpg, E:\SELF DRIVING\Udacity\IMG\left_2020_09_30_17_07_25_430.jpg, E:\SELF DRIVING\Udacity\IMG\right_2020_09_30_17_07_25_430.jpg, 0, 1, 0, 30.19016
E:\SELF DRIVING\Udacity\IMG\center_2020_09_30_17_07_25_531.jpg, E:\SELF DRIVING\Udacity\IMG\left_2020_09_30_17_07_25_531.jpg, E:\SELF DRIVING\Udacity\IMG\right_2020_09_30_17_07_25_531.jpg, 0, 1, 0, 30.19019
E:\SELF DRIVING\Udacity\IMG\center_2020_09_30_17_07_25_639.jpg, E:\SELF DRIVING\Udacity\IMG\left_2020_09_30_17_07_25_639.jpg, E:\SELF DRIVING\Udacity\IMG\right_2020_09_30_17_07_25_639.jpg, 0, 1, 0, 30.26191
E:\SELF DRIVING\Udacity\IMG\center_2020_09_30_17_07_25_747.jpg, E:\SELF DRIVING\Udacity\IMG\left_2020_09_30_17_07_25_747.jpg, E:\SELF DRIVING\Udacity\IMG\right_2020_09_30_17_07_25_747.jpg, 0, 1, 0, 30.23185
E:\SELF DRIVING\Udacity\IMG\center_2020_09_30_17_07_25_853.jpg, E:\SELF DRIVING\Udacity\IMG\left_2020_09_30_17_07_25_853.jpg, E:\SELF DRIVING\Udacity\IMG\right_2020_09_30_17_07_25_853.jpg, 0, 1, 0, 30.25743
E:\SELF DRIVING\Udacity\IMG\center_2020_09_30_17_07_25_956.jpg, E:\SELF DRIVING\Udacity\IMG\left_2020_09_30_17_07_25_956.jpg, E:\SELF DRIVING\Udacity\IMG\right_2020_09_30_17_07_25_956.jpg, 0, 1, 0, 30.18747
E:\SELF DRIVING\Udacity\IMG\center_2020_09_30_17_07_26_060.jpg, E:\SELF DRIVING\Udacity\IMG\left_2020_09_30_17_07_26_060.jpg, E:\SELF DRIVING\Udacity\IMG\right_2020_09_30_17_07_26_060.jpg, 0, 1, 0, 30.18948
E:\SELF DRIVING\Udacity\IMG\center_2020_09_30_17_07_26_164.jpg, E:\SELF DRIVING\Udacity\IMG\left_2020_09_30_17_07_26_164.jpg, E:\SELF DRIVING\Udacity\IMG\right_2020_09_30_17_07_26_164.jpg, 0, 1, 0, 30.18987
E:\SELF DRIVING\Udacity\IMG\center_2020_09_30_17_07_26_263.jpg, E:\SELF DRIVING\Udacity\IMG\left_2020_09_30_17_07_26_263.jpg, E:\SELF DRIVING\Udacity\IMG\right_2020_09_30_17_07_26_263.jpg, -0.1610928, 1, 0, 30.18296
E:\SELF DRIVING\Udacity\IMG\center_2020_09_30_17_07_26_369.jpg, E:\SELF DRIVING\Udacity\IMG\left_2020_09_30_17_07_26_369.jpg, E:\SELF DRIVING\Udacity\IMG\right_2020_09_30_17_07_26_369.jpg, 0, 1, 0, 30.18969
E:\SELF DRIVING\Udacity\IMG\center_2020_09_30_17_07_26_621.jpg, E:\SELF DRIVING\Udacity\IMG\left_2020_09_30_17_07_26_621.jpg, E:\SELF DRIVING\Udacity\IMG\right_2020_09_30_17_07_26_621.jpg, 0, 1, 0, 30.18991
E:\SELF DRIVING\Udacity\IMG\center_2020_09_30_17_07_26_726.jpg, E:\SELF DRIVING\Udacity\IMG\left_2020_09_30_17_07_26_726.jpg, E:\SELF DRIVING\Udacity\IMG\right_2020_09_30_17_07_26_726.jpg, 0, 1, 0, 30.18992
E:\SELF DRIVING\Udacity\IMG\center_2020_09_30_17_07_26_833.jpg, E:\SELF DRIVING\Udacity\IMG\left_2020_09_30_17_07_26_833.jpg, E:\SELF DRIVING\Udacity\IMG\right_2020_09_30_17_07_26_833.jpg, 0, 1, 0, 30.18993
E:\SELF DRIVING\Udacity\IMG\center_2020_09_30_17_07_26_939.jpg, E:\SELF DRIVING\Udacity\IMG\left_2020_09_30_17_07_26_939.jpg, E:\SELF DRIVING\Udacity\IMG\right_2020_09_30_17_07_26_939.jpg, 0, 1, 0, 30.18994
E:\SELF DRIVING\Udacity\IMG\center_2020_09_30_17_07_27_045.jpg, E:\SELF DRIVING\Udacity\IMG\left_2020_09_30_17_07_27_045.jpg, E:\SELF DRIVING\Udacity\IMG\right_2020_09_30_17_07_27_045.jpg, 0, 1, 0, 30.18994
E:\SELF DRIVING\Udacity\IMG\center_2020_09_30_17_07_27_156.jpg, E:\SELF DRIVING\Udacity\IMG\left_2020_09_30_17_07_27_156.jpg, E:\SELF DRIVING\Udacity\IMG\right_2020_09_30_17_07_27_156.jpg, 0, 1, 0, 30.18993
E:\SELF DRIVING\Udacity\IMG\center_2020_09_30_17_07_27_264.jpg, E:\SELF DRIVING\Udacity\IMG\left_2020_09_30_17_07_27_264.jpg, E:\SELF DRIVING\Udacity\IMG\right_2020_09_30_17_07_27_264.jpg, 0, 1, 0, 30.18993
E:\SELF DRIVING\Udacity\IMG\center_2020_09_30_17_07_27_366.jpg, E:\SELF DRIVING\Udacity\IMG\left_2020_09_30_17_07_27_366.jpg, E:\SELF DRIVING\Udacity\IMG\right_2020_09_30_17_07_27_366.jpg, 0, 1, 0, 30.18995
E:\SELF DRIVING\Udacity\IMG\center_2020_09_30_17_07_27_471.jpg, E:\SELF DRIVING\Udacity\IMG\left_2020_09_30_17_07_27_471.jpg, E:\SELF DRIVING\Udacity\IMG\right_2020_09_30_17_07_27_471.jpg, 0, 1, 0, 30.18993
E:\SELF DRIVING\Udacity\IMG\center_2020_09_30_17_07_27_571.jpg, E:\SELF DRIVING\Udacity\IMG\left_2020_09_30_17_07_27_571.jpg, E:\SELF DRIVING\Udacity\IMG\right_2020_09_30_17_07_27_571.jpg, 0, 1, 0, 30.18995
E:\SELF DRIVING\Udacity\IMG\center_2020_09_30_17_07_27_679.jpg, E:\SELF DRIVING\Udacity\IMG\left_2020_09_30_17_07_27_679.jpg, E:\SELF DRIVING\Udacity\IMG\right_2020_09_30_17_07_27_679.jpg, 0, 1, 0, 30.18993
E:\SELF DRIVING\Udacity\IMG\center_2020_09_30_17_07_27_783.jpg, E:\SELF DRIVING\Udacity\IMG\left_2020_09_30_17_07_27_783.jpg, E:\SELF DRIVING\Udacity\IMG\right_2020_09_30_17_07_27_783.jpg, 0, 1, 0, 30.18993
E:\SELF DRIVING\Udacity\IMG\center_2020_09_30_17_07_27_887.jpg, E:\SELF DRIVING\Udacity\IMG\left_2020_09_30_17_07_27_887.jpg, E:\SELF DRIVING\Udacity\IMG\right_2020_09_30_17_07_27_887.jpg, 0, 1, 0, 30.18995
E:\SELF DRIVING\Udacity\IMG\center_2020_09_30_17_07_27_994.jpg, E:\SELF DRIVING\Udacity\IMG\left_2020_09_30_17_07_27_994.jpg, E:\SELF DRIVING\Udacity\IMG\right_2020_09_30_17_07_27_994.jpg, 0, 1, 0, 30.18993
E:\SELF DRIVING\Udacity\IMG\center_2020_09_30_17_07_28_102.jpg, E:\SELF DRIVING\Udacity\IMG\left_2020_09_30_17_07_28_102.jpg, E:\SELF DRIVING\Udacity\IMG\right_2020_09_30_17_07_28_102.jpg, 0, 1, 0, 30.18993
E:\SELF DRIVING\Udacity\IMG\center_2020_09_30_17_07_28_208.jpg, E:\SELF DRIVING\Udacity\IMG\left_2020_09_30_17_07_28_208.jpg, E:\SELF DRIVING\Udacity\IMG\right_2020_09_30_17_07_28_208.jpg, 0, 1, 0, 30.18995
E:\SELF DRIVING\Udacity\IMG\center_2020_09_30_17_07_28_313.jpg, E:\SELF DRIVING\Udacity\IMG\left_2020_09_30_17_07_28_313.jpg, E:\SELF DRIVING\Udacity\IMG\right_2020_09_30_17_07_28_313.jpg, 0, 1, 0, 30.18995
E:\SELF DRIVING\Udacity\IMG\center_2020_09_30_17_07_28_415.jpg, E:\SELF DRIVING\Udacity\IMG\left_2020_09_30_17_07_28_415.jpg, E:\SELF DRIVING\Udacity\IMG\right_2020_09_30_17_07_28_415.jpg, 0, 1, 0, 30.18993
E:\SELF DRIVING\Udacity\IMG\center_2020_09_30_17_07_28_520.jpg, E:\SELF DRIVING\Udacity\IMG\left_2020_09_30_17_07_28_520.jpg, E:\SELF DRIVING\Udacity\IMG\right_2020_09_30_17_07_28_520.jpg, 0, 1, 0, 30.18994
E:\SELF DRIVING\Udacity\IMG\center_2020_09_30_17_07_28_624.jpg, E:\SELF DRIVING\Udacity\IMG\left_2020_09_30_17_07_28_624.jpg, E:\SELF DRIVING\Udacity\IMG\right_2020_09_30_17_07_28_624.jpg, 0, 1, 0, 30.18995
E:\SELF DRIVING\Udacity\IMG\center_2020_09_30_17_07_28_726.jpg, E:\SELF DRIVING\Udacity\IMG\left_2020_09_30_17_07_28_726.jpg, E:\SELF DRIVING\Udacity\IMG\right_2020_09_30_17_07_28_726.jpg, 0, 1, 0, 30.18996
E:\SELF DRIVING\Udacity\IMG\center_2020_09_30_17_07_28_827.jpg, E:\SELF DRIVING\Udacity\IMG\left_2020_09_30_17_07_28_827.jpg, E:\SELF DRIVING\Udacity\IMG\right_2020_09_30_17_07_28_827.jpg, 0, 1, 0, 30.18992
E:\SELF DRIVING\Udacity\IMG\center_2020_09_30_17_07_28_928.jpg, E:\SELF DRIVING\Udacity\IMG\left_2020_09_30_17_07_28_928.jpg, E:\SELF DRIVING\Udacity\IMG\right_2020_09_30_17_07_28_928.jpg, 0, 1, 0, 30.18995
E:\SELF DRIVING\Udacity\IMG\center_2020_09_30_17_07_29_033.jpg, E:\SELF DRIVING\Udacity\IMG\left_2020_09_30_17_07_29_033.jpg, E:\SELF DRIVING\Udacity\IMG\right_2020_09_30_17_07_29_033.jpg, 0, 1, 0, 30.18993
E:\SELF DRIVING\Udacity\IMG\center_2020_09_30_17_07_29_140.jpg, E:\SELF DRIVING\Udacity\IMG\left_2020_09_30_17_07_29_140.jpg, E:\SELF DRIVING\Udacity\IMG\right_2020_09_30_17_07_29_140.jpg, 0, 1, 0, 30.18993
E:\SELF DRIVING\Udacity\IMG\center_2020_09_30_17_07_29_247.jpg, E:\SELF DRIVING\Udacity\IMG\left_2020_09_30_17_07_29_247.jpg, E:\SELF DRIVING\Udacity\IMG\right_2020_09_30_17_07_29_247.jpg, 0, 1, 0, 30.18994
E:\SELF DRIVING\Udacity\IMG\center_2020_09_30_17_07_29_356.jpg, E:\SELF DRIVING\Udacity\IMG\left_2020_09_30_17_07_29_356.jpg, E:\SELF DRIVING\Udacity\IMG\right_2020_09_30_17_07_29_356.jpg, 0, 1, 0, 30.18995
E:\SELF DRIVING\Udacity\IMG\center_2020_09_30_17_07_29_472.jpg, E:\SELF DRIVING\Udacity\IMG\left_2020_09_30_17_07_29_472.jpg, E:\SELF DRIVING\Udacity\IMG\right_2020_09_30_17_07_29_472.jpg, 0, 1, 0, 30.18995
E:\SELF DRIVING\Udacity\IMG\center_2020_09_30_17_07_29_580.jpg, E:\SELF DRIVING\Udacity\IMG\left_2020_09_30_17_07_29_580.jpg, E:\SELF DRIVING\Udacity\IMG\right_2020_09_30_17_07_29_580.jpg, 0, 1, 0, 30.18994
E:\SELF DRIVING\Udacity\IMG\center_2020_09_30_17_07_29_681.jpg, E:\SELF DRIVING\Udacity\IMG\left_2020_09_30_17_07_29_681.jpg, E:\SELF DRIVING\Udacity\IMG\right_2020_09_30_17_07_29_681.jpg, 0, 1, 0, 30.18995
E:\SELF DRIVING\Udacity\IMG\center_2020_09_30_17_07_29_791.jpg, E:\SELF DRIVING\Udacity\IMG\left_2020_09_30_17_07_29_791.jpg, E:\SELF DRIVING\Udacity\IMG\right_2020_09_30_17_07_29_791.jpg, 0, 1, 0, 30.18993
E:\SELF DRIVING\Udacity\IMG\center_2020_09_30_17_07_29_897.jpg, E:\SELF DRIVING\Udacity\IMG\left_2020_09_30_17_07_29_897.jpg, E:\SELF DRIVING\Udacity\IMG\right_2020_09_30_17_07_29_897.jpg, 0, 1, 0, 30.18994
E:\SELF DRIVING\Udacity\IMG\center_2020_09_30_17_07_30_006.jpg, E:\SELF DRIVING\Udacity\IMG\left_2020_09_30_17_07_30_006.jpg, E:\SELF DRIVING\Udacity\IMG\right_2020_09_30_17_07_30_006.jpg, 0, 1, 0, 30.18993
E:\SELF DRIVING\Udacity\IMG\center_2020_09_30_17_07_30_113.jpg, E:\SELF DRIVING\Udacity\IMG\left_2020_09_30_17_07_30_113.jpg, E:\SELF DRIVING\Udacity\IMG\right_2020_09_30_17_07_30_113.jpg, 0, 1, 0, 30.18992
E:\SELF DRIVING\Udacity\IMG\center_2020_09_30_17_07_30_213.jpg, E:\SELF DRIVING\Udacity\IMG\left_2020_09_30_17_07_30_213.jpg, E:\SELF DRIVING\Udacity\IMG\right_2020_09_30_17_07_30_213.jpg, 0, 1, 0, 30.18991
E:\SELF DRIVING\Udacity\IMG\center_2020_09_30_17_07_30_322.jpg, E:\SELF DRIVING\Udacity\IMG\left_2020_09_30_17_07_30_322.jpg, E:\SELF DRIVING\Udacity\IMG\right_2020_09_30_17_07_30_322.jpg, 0, 1, 0, 30.18994
E:\SELF DRIVING\Udacity\IMG\center_2020_09_30_17_07_30_429.jpg, E:\SELF DRIVING\Udacity\IMG\left_2020_09_30_17_07_30_429.jpg, E:\SELF DRIVING\Udacity\IMG\right_2020_09_30_17_07_30_429.jpg, 0, 1, 0, 30.18995
E:\SELF DRIVING\Udacity\IMG\center_2020_09_30_17_07_30_538.jpg, E:\SELF DRIVING\Udacity\IMG\left_2020_09_30_17_07_30_538.jpg, E:\SELF DRIVING\Udacity\IMG\right_2020_09_30_17_07_30_538.jpg, 0, 1, 0, 30.18993
E:\SELF DRIVING\Udacity\IMG\center_2020_09_30_17_07_30_644.jpg, E:\SELF DRIVING\Udacity\IMG\left_2020_09_30_17_07_30_644.jpg, E:\SELF DRIVING\Udacity\IMG\right_2020_09_30_17_07_30_644.jpg, 0, 1, 0, 30.18992
E:\SELF DRIVING\Udacity\IMG\center_2020_09_30_17_07_30_750.jpg, E:\SELF DRIVING\Udacity\IMG\left_2020_09_30_17_07_30_750.jpg, E:\SELF DRIVING\Udacity\IMG\right_2020_09_30_17_07_30_750.jpg, 0, 1, 0, 30.18995
E:\SELF DRIVING\Udacity\IMG\center_2020_09_30_17_07_30_853.jpg, E:\SELF DRIVING\Udacity\IMG\left_2020_09_30_17_07_30_853.jpg, E:\SELF DRIVING\Udacity\IMG\right_2020_09_30_17_07_30_853.jpg, 0, 1, 0, 30.18993
E:\SELF DRIVING\Udacity\IMG\center_2020_09_30_17_07_30_957.jpg, E:\SELF DRIVING\Udacity\IMG\left_2020_09_30_17_07_30_957.jpg, E:\SELF DRIVING\Udacity\IMG\right_2020_09_30_17_07_30_957.jpg, 0, 1, 0, 30.18994
E:\SELF DRIVING\Udacity\IMG\center_2020_09_30_17_07_31_065.jpg, E:\SELF DRIVING\Udacity\IMG\left_2020_09_30_17_07_31_065.jpg, E:\SELF DRIVING\Udacity\IMG\right_2020_09_30_17_07_31_065.jpg, 0, 1, 0, 30.18993
E:\SELF DRIVING\Udacity\IMG\center_2020_09_30_17_07_31_173.jpg, E:\SELF DRIVING\Udacity\IMG\left_2020_09_30_17_07_31_173.jpg, E:\SELF DRIVING\Udacity\IMG\right_2020_09_30_17_07_31_173.jpg, 0, 1, 0, 30.18993
E:\SELF DRIVING\Udacity\IMG\center_2020_09_30_17_07_31_281.jpg, E:\SELF DRIVING\Udacity\IMG\left_2020_09_30_17_07_31_281.jpg, E:\SELF DRIVING\Udacity\IMG\right_2020_09_30_17_07_31_281.jpg, 0, 1, 0, 30.18993
E:\SELF DRIVING\Udacity\IMG\center_2020_09_30_17_07_31_385.jpg, E:\SELF DRIVING\Udacity\IMG\left_2020_09_30_17_07_31_385.jpg, E:\SELF DRIVING\Udacity\IMG\right_2020_09_30_17_07_31_385.jpg, 0, 1, 0, 30.18992
E:\SELF DRIVING\Udacity\IMG\center_2020_09_30_17_07_31_495.jpg, E:\SELF DRIVING\Udacity\IMG\left_2020_09_30_17_07_31_495.jpg, E:\SELF DRIVING\Udacity\IMG\right_2020_09_30_17_07_31_495.jpg, 0, 1, 0, 30.18995
E:\SELF DRIVING\Udacity\IMG\center_2020_09_30_17_07_31_603.jpg, E:\SELF DRIVING\Udacity\IMG\left_2020_09_30_17_07_31_603.jpg, E:\SELF DRIVING\Udacity\IMG\right_2020_09_30_17_07_31_603.jpg, 0, 1, 0, 30.18995
E:\SELF DRIVING\Udacity\IMG\center_2020_09_30_17_07_31_711.jpg, E:\SELF DRIVING\Udacity\IMG\left_2020_09_30_17_07_31_711.jpg, E:\SELF DRIVING\Udacity\IMG\right_2020_09_30_17_07_31_711.jpg, 0, 1, 0, 30.18994
E:\SELF DRIVING\Udacity\IMG\center_2020_09_30_17_07_31_817.jpg, E:\SELF DRIVING\Udacity\IMG\left_2020_09_30_17_07_31_817.jpg, E:\SELF DRIVING\Udacity\IMG\right_2020_09_30_17_07_31_817.jpg, 0, 1, 0, 30.18995
E:\SELF DRIVING\Udacity\IMG\center_2020_09_30_17_07_31_923.jpg, E:\SELF DRIVING\Udacity\IMG\left_2020_09_30_17_07_31_923.jpg, E:\SELF DRIVING\Udacity\IMG\right_2020_09_30_17_07_31_923.jpg, 0, 1, 0, 30.18993
E:\SELF DRIVING\Udacity\IMG\center_2020_09_30_17_07_32_024.jpg, E:\SELF DRIVING\Udacity\IMG\left_2020_09_30_17_07_32_024.jpg, E:\SELF DRIVING\Udacity\IMG\right_2020_09_30_17_07_32_024.jpg, 0, 1, 0, 30.18993
E:\SELF DRIVING\Udacity\IMG\center_2020_09_30_17_07_32_128.jpg, E:\SELF DRIVING\Udacity\IMG\left_2020_09_30_17_07_32_128.jpg, E:\SELF DRIVING\Udacity\IMG\right_2020_09_30_17_07_32_128.jpg, 0, 1, 0, 30.18993
E:\SELF DRIVING\Udacity\IMG\center_2020_09_30_17_07_32_229.jpg, E:\SELF DRIVING\Udacity\IMG\left_2020_09_30_17_07_32_229.jpg, E:\SELF DRIVING\Udacity\IMG\right_2020_09_30_17_07_32_229.jpg, 0, 1, 0, 30.18993
E:\SELF DRIVING\Udacity\IMG\center_2020_09_30_17_07_32_340.jpg, E:\SELF DRIVING\Udacity\IMG\left_2020_09_30_17_07_32_340.jpg, E:\SELF DRIVING\Udacity\IMG\right_2020_09_30_17_07_32_340.jpg, 0, 1, 0, 30.18996
E:\SELF DRIVING\Udacity\IMG\center_2020_09_30_17_07_32_440.jpg, E:\SELF DRIVING\Udacity\IMG\left_2020_09_30_17_07_32_440.jpg, E:\SELF DRIVING\Udacity\IMG\right_2020_09_30_17_07_32_440.jpg, 0, 1, 0, 30.18995
E:\SELF DRIVING\Udacity\IMG\center_2020_09_30_17_07_32_542.jpg, E:\SELF DRIVING\Udacity\IMG\left_2020_09_30_17_07_32_542.jpg, E:\SELF DRIVING\Udacity\IMG\right_2020_09_30_17_07_32_542.jpg, 0, 1, 0, 30.18994
E:\SELF DRIVING\Udacity\IMG\center_2020_09_30_17_07_32_642.jpg, E:\SELF DRIVING\Udacity\IMG\left_2020_09_30_17_07_32_642.jpg, E:\SELF DRIVING\Udacity\IMG\right_2020_09_30_17_07_32_642.jpg, 0, 1, 0, 30.18993
E:\SELF DRIVING\Udacity\IMG\center_2020_09_30_17_07_32_753.jpg, E:\SELF DRIVING\Udacity\IMG\left_2020_09_30_17_07_32_753.jpg, E:\SELF DRIVING\Udacity\IMG\right_2020_09_30_17_07_32_753.jpg, 0, 1, 0, 30.18994
E:\SELF DRIVING\Udacity\IMG\center_2020_09_30_17_07_32_863.jpg, E:\SELF DRIVING\Udacity\IMG\left_2020_09_30_17_07_32_863.jpg, E:\SELF DRIVING\Udacity\IMG\right_2020_09_30_17_07_32_863.jpg, 0, 1, 0, 30.18994
E:\SELF DRIVING\Udacity\IMG\center_2020_09_30_17_07_32_971.jpg, E:\SELF DRIVING\Udacity\IMG\left_2020_09_30_17_07_32_971.jpg, E:\SELF DRIVING\Udacity\IMG\right_2020_09_30_17_07_32_971.jpg, 0, 1, 0, 30.18994
E:\SELF DRIVING\Udacity\IMG\center_2020_09_30_17_07_33_072.jpg, E:\SELF DRIVING\Udacity\IMG\left_2020_09_30_17_07_33_072.jpg, E:\SELF DRIVING\Udacity\IMG\right_2020_09_30_17_07_33_072.jpg, 0, 1, 0, 30.18994
E:\SELF DRIVING\Udacity\IMG\center_2020_09_30_17_07_33_174.jpg, E:\SELF DRIVING\Udacity\IMG\left_2020_09_30_17_07_33_174.jpg, E:\SELF DRIVING\Udacity\IMG\right_2020_09_30_17_07_33_174.jpg, 0, 1, 0, 30.18995
E:\SELF DRIVING\Udacity\IMG\center_2020_09_30_17_07_33_275.jpg, E:\SELF DRIVING\Udacity\IMG\left_2020_09_30_17_07_33_275.jpg, E:\SELF DRIVING\Udacity\IMG\right_2020_09_30_17_07_33_275.jpg, 0, 1, 0, 30.18995
E:\SELF DRIVING\Udacity\IMG\center_2020_09_30_17_07_33_384.jpg, E:\SELF DRIVING\Udacity\IMG\left_2020_09_30_17_07_33_384.jpg, E:\SELF DRIVING\Udacity\IMG\right_2020_09_30_17_07_33_384.jpg, 0, 1, 0, 30.18996
E:\SELF DRIVING\Udacity\IMG\center_2020_09_30_17_07_33_490.jpg, E:\SELF DRIVING\Udacity\IMG\left_2020_09_30_17_07_33_490.jpg, E:\SELF DRIVING\Udacity\IMG\right_2020_09_30_17_07_33_490.jpg, 0, 1, 0, 30.18995
E:\SELF DRIVING\Udacity\IMG\center_2020_09_30_17_07_33_593.jpg, E:\SELF DRIVING\Udacity\IMG\left_2020_09_30_17_07_33_593.jpg, E:\SELF DRIVING\Udacity\IMG\right_2020_09_30_17_07_33_593.jpg, 0, 1, 0, 30.18994
E:\SELF DRIVING\Udacity\IMG\center_2020_09_30_17_07_33_695.jpg, E:\SELF DRIVING\Udacity\IMG\left_2020_09_30_17_07_33_695.jpg, E:\SELF DRIVING\Udacity\IMG\right_2020_09_30_17_07_33_695.jpg, 0, 1, 0, 30.18672
E:\SELF DRIVING\Udacity\IMG\center_2020_09_30_17_07_33_800.jpg, E:\SELF DRIVING\Udacity\IMG\left_2020_09_30_17_07_33_800.jpg, E:\SELF DRIVING\Udacity\IMG\right_2020_09_30_17_07_33_800.jpg, -0.1541808, 1, 0, 30.22227
E:\SELF DRIVING\Udacity\IMG\center_2020_09_30_17_07_33_903.jpg, E:\SELF DRIVING\Udacity\IMG\left_2020_09_30_17_07_33_903.jpg, E:\SELF DRIVING\Udacity\IMG\right_2020_09_30_17_07_33_903.jpg, 0, 1, 0, 30.06848
E:\SELF DRIVING\Udacity\IMG\center_2020_09_30_17_07_34_009.jpg, E:\SELF DRIVING\Udacity\IMG\left_2020_09_30_17_07_34_009.jpg, E:\SELF DRIVING\Udacity\IMG\right_2020_09_30_17_07_34_009.jpg, 0, 1, 0, 30.27594
E:\SELF DRIVING\Udacity\IMG\center_2020_09_30_17_07_34_118.jpg, E:\SELF DRIVING\Udacity\IMG\left_2020_09_30_17_07_34_118.jpg, E:\SELF DRIVING\Udacity\IMG\right_2020_09_30_17_07_34_118.jpg, 0, 1, 0, 30.18905
E:\SELF DRIVING\Udacity\IMG\center_2020_09_30_17_07_34_226.jpg, E:\SELF DRIVING\Udacity\IMG\left_2020_09_30_17_07_34_226.jpg, E:\SELF DRIVING\Udacity\IMG\right_2020_09_30_17_07_34_226.jpg, 0, 1, 0, 30.19069
E:\SELF DRIVING\Udacity\IMG\center_2020_09_30_17_07_34_331.jpg, E:\SELF DRIVING\Udacity\IMG\left_2020_09_30_17_07_34_331.jpg, E:\SELF DRIVING\Udacity\IMG\right_2020_09_30_17_07_34_331.jpg, -0.2570283, 1, 0, 30.17472
E:\SELF DRIVING\Udacity\IMG\center_2020_09_30_17_07_34_434.jpg, E:\SELF DRIVING\Udacity\IMG\left_2020_09_30_17_07_34_434.jpg, E:\SELF DRIVING\Udacity\IMG\right_2020_09_30_17_07_34_434.jpg, -0.2109843, 1, 0, 30.18977
E:\SELF DRIVING\Udacity\IMG\center_2020_09_30_17_07_34_542.jpg, E:\SELF DRIVING\Udacity\IMG\left_2020_09_30_17_07_34_542.jpg, E:\SELF DRIVING\Udacity\IMG\right_2020_09_30_17_07_34_542.jpg, 0, 1, 0, 30.1884
E:\SELF DRIVING\Udacity\IMG\center_2020_09_30_17_07_34_884.jpg, E:\SELF DRIVING\Udacity\IMG\left_2020_09_30_17_07_34_884.jpg, E:\SELF DRIVING\Udacity\IMG\right_2020_09_30_17_07_34_884.jpg, 0, 1, 0, 30.19032
E:\SELF DRIVING\Udacity\IMG\center_2020_09_30_17_07_34_990.jpg, E:\SELF DRIVING\Udacity\IMG\left_2020_09_30_17_07_34_990.jpg, E:\SELF DRIVING\Udacity\IMG\right_2020_09_30_17_07_34_990.jpg, 0, 1, 0, 30.19028
E:\SELF DRIVING\Udacity\IMG\center_2020_09_30_17_07_35_092.jpg, E:\SELF DRIVING\Udacity\IMG\left_2020_09_30_17_07_35_092.jpg, E:\SELF DRIVING\Udacity\IMG\right_2020_09_30_17_07_35_092.jpg, 0, 1, 0, 30.19029
E:\SELF DRIVING\Udacity\IMG\center_2020_09_30_17_07_35_193.jpg, E:\SELF DRIVING\Udacity\IMG\left_2020_09_30_17_07_35_193.jpg, E:\SELF DRIVING\Udacity\IMG\right_2020_09_30_17_07_35_193.jpg, 0, 1, 0, 30.19029
E:\SELF DRIVING\Udacity\IMG\center_2020_09_30_17_07_35_302.jpg, E:\SELF DRIVING\Udacity\IMG\left_2020_09_30_17_07_35_302.jpg, E:\SELF DRIVING\Udacity\IMG\right_2020_09_30_17_07_35_302.jpg, 0, 1, 0, 30.19028
E:\SELF DRIVING\Udacity\IMG\center_2020_09_30_17_07_35_405.jpg, E:\SELF DRIVING\Udacity\IMG\left_2020_09_30_17_07_35_405.jpg, E:\SELF DRIVING\Udacity\IMG\right_2020_09_30_17_07_35_405.jpg, 0, 1, 0, 30.1903
E:\SELF DRIVING\Udacity\IMG\center_2020_09_30_17_07_35_509.jpg, E:\SELF DRIVING\Udacity\IMG\left_2020_09_30_17_07_35_509.jpg, E:\SELF DRIVING\Udacity\IMG\right_2020_09_30_17_07_35_509.jpg, 0, 1, 0, 30.19029
E:\SELF DRIVING\Udacity\IMG\center_2020_09_30_17_07_35_611.jpg, E:\SELF DRIVING\Udacity\IMG\left_2020_09_30_17_07_35_611.jpg, E:\SELF DRIVING\Udacity\IMG\right_2020_09_30_17_07_35_611.jpg, 0, 1, 0, 30.1903
E:\SELF DRIVING\Udacity\IMG\center_2020_09_30_17_07_35_711.jpg, E:\SELF DRIVING\Udacity\IMG\left_2020_09_30_17_07_35_711.jpg, E:\SELF DRIVING\Udacity\IMG\right_2020_09_30_17_07_35_711.jpg, -0.114591, 1, 0, 30.1868
E:\SELF DRIVING\Udacity\IMG\center_2020_09_30_17_07_35_816.jpg, E:\SELF DRIVING\Udacity\IMG\left_2020_09_30_17_07_35_816.jpg, E:\SELF DRIVING\Udacity\IMG\right_2020_09_30_17_07_35_816.jpg, -0.2545635, 1, 0, 30.17947
E:\SELF DRIVING\Udacity\IMG\center_2020_09_30_17_07_35_925.jpg, E:\SELF DRIVING\Udacity\IMG\left_2020_09_30_17_07_35_925.jpg, E:\SELF DRIVING\Udacity\IMG\right_2020_09_30_17_07_35_925.jpg, 0, 1, 0, 30.1892
E:\SELF DRIVING\Udacity\IMG\center_2020_09_30_17_07_36_026.jpg, E:\SELF DRIVING\Udacity\IMG\left_2020_09_30_17_07_36_026.jpg, E:\SELF DRIVING\Udacity\IMG\right_2020_09_30_17_07_36_026.jpg, 0, 1, 0, 30.19014
E:\SELF DRIVING\Udacity\IMG\center_2020_09_30_17_07_36_134.jpg, E:\SELF DRIVING\Udacity\IMG\left_2020_09_30_17_07_36_134.jpg, E:\SELF DRIVING\Udacity\IMG\right_2020_09_30_17_07_36_134.jpg, 0, 1, 0, 30.19044
E:\SELF DRIVING\Udacity\IMG\center_2020_09_30_17_07_36_238.jpg, E:\SELF DRIVING\Udacity\IMG\left_2020_09_30_17_07_36_238.jpg, E:\SELF DRIVING\Udacity\IMG\right_2020_09_30_17_07_36_238.jpg, 0, 1, 0, 30.1903
E:\SELF DRIVING\Udacity\IMG\center_2020_09_30_17_07_36_347.jpg, E:\SELF DRIVING\Udacity\IMG\left_2020_09_30_17_07_36_347.jpg, E:\SELF DRIVING\Udacity\IMG\right_2020_09_30_17_07_36_347.jpg, 0, 1, 0, 30.19026
E:\SELF DRIVING\Udacity\IMG\center_2020_09_30_17_07_36_453.jpg, E:\SELF DRIVING\Udacity\IMG\left_2020_09_30_17_07_36_453.jpg, E:\SELF DRIVING\Udacity\IMG\right_2020_09_30_17_07_36_453.jpg, 0, 1, 0, 30.1903
E:\SELF DRIVING\Udacity\IMG\center_2020_09_30_17_07_36_561.jpg, E:\SELF DRIVING\Udacity\IMG\left_2020_09_30_17_07_36_561.jpg, E:\SELF DRIVING\Udacity\IMG\right_2020_09_30_17_07_36_561.jpg, 0, 1, 0, 30.19029
E:\SELF DRIVING\Udacity\IMG\center_2020_09_30_17_07_36_669.jpg, E:\SELF DRIVING\Udacity\IMG\left_2020_09_30_17_07_36_669.jpg, E:\SELF DRIVING\Udacity\IMG\right_2020_09_30_17_07_36_669.jpg, 0, 1, 0, 30.19038
E:\SELF DRIVING\Udacity\IMG\center_2020_09_30_17_07_36_771.jpg, E:\SELF DRIVING\Udacity\IMG\left_2020_09_30_17_07_36_771.jpg, E:\SELF DRIVING\Udacity\IMG\right_2020_09_30_17_07_36_771.jpg, -0.277887, 1, 0, 30.17136
E:\SELF DRIVING\Udacity\IMG\center_2020_09_30_17_07_36_870.jpg, E:\SELF DRIVING\Udacity\IMG\left_2020_09_30_17_07_36_870.jpg, E:\SELF DRIVING\Udacity\IMG\right_2020_09_30_17_07_36_870.jpg, -0.3227971, 1, 0, 30.18039
E:\SELF DRIVING\Udacity\IMG\center_2020_09_30_17_07_36_974.jpg, E:\SELF DRIVING\Udacity\IMG\left_2020_09_30_17_07_36_974.jpg, E:\SELF DRIVING\Udacity\IMG\right_2020_09_30_17_07_36_974.jpg, -0.01283044, 1, 0, 30.18788
E:\SELF DRIVING\Udacity\IMG\center_2020_09_30_17_07_37_081.jpg, E:\SELF DRIVING\Udacity\IMG\left_2020_09_30_17_07_37_081.jpg, E:\SELF DRIVING\Udacity\IMG\right_2020_09_30_17_07_37_081.jpg, 0, 1, 0, 30.19026
E:\SELF DRIVING\Udacity\IMG\center_2020_09_30_17_07_37_187.jpg, E:\SELF DRIVING\Udacity\IMG\left_2020_09_30_17_07_37_187.jpg, E:\SELF DRIVING\Udacity\IMG\right_2020_09_30_17_07_37_187.jpg, -0.0526911, 1, 0, 30.18999
E:\SELF DRIVING\Udacity\IMG\center_2020_09_30_17_07_37_295.jpg, E:\SELF DRIVING\Udacity\IMG\left_2020_09_30_17_07_37_295.jpg, E:\SELF DRIVING\Udacity\IMG\right_2020_09_30_17_07_37_295.jpg, -0.3501942, 1, 0, 30.16328
E:\SELF DRIVING\Udacity\IMG\center_2020_09_30_17_07_37_401.jpg, E:\SELF DRIVING\Udacity\IMG\left_2020_09_30_17_07_37_401.jpg, E:\SELF DRIVING\Udacity\IMG\right_2020_09_30_17_07_37_401.jpg, -0.5265204, 1, 0, 30.15455
E:\SELF DRIVING\Udacity\IMG\center_2020_09_30_17_07_37_504.jpg, E:\SELF DRIVING\Udacity\IMG\left_2020_09_30_17_07_37_504.jpg, E:\SELF DRIVING\Udacity\IMG\right_2020_09_30_17_07_37_504.jpg, -0.2200641, 1, 0, 30.1953
E:\SELF DRIVING\Udacity\IMG\center_2020_09_30_17_07_37_605.jpg, E:\SELF DRIVING\Udacity\IMG\left_2020_09_30_17_07_37_605.jpg, E:\SELF DRIVING\Udacity\IMG\right_2020_09_30_17_07_37_605.jpg, 0, 1, 0, 30.18581
E:\SELF DRIVING\Udacity\IMG\center_2020_09_30_17_07_37_712.jpg, E:\SELF DRIVING\Udacity\IMG\left_2020_09_30_17_07_37_712.jpg, E:\SELF DRIVING\Udacity\IMG\right_2020_09_30_17_07_37_712.jpg, 0, 1, 0, 30.18999
E:\SELF DRIVING\Udacity\IMG\center_2020_09_30_17_07_37_820.jpg, E:\SELF DRIVING\Udacity\IMG\left_2020_09_30_17_07_37_820.jpg, E:\SELF DRIVING\Udacity\IMG\right_2020_09_30_17_07_37_820.jpg, 0, 1, 0, 30.18836
E:\SELF DRIVING\Udacity\IMG\center_2020_09_30_17_07_37_925.jpg, E:\SELF DRIVING\Udacity\IMG\left_2020_09_30_17_07_37_925.jpg, E:\SELF DRIVING\Udacity\IMG\right_2020_09_30_17_07_37_925.jpg, 0, 1, 0, 30.19022
E:\SELF DRIVING\Udacity\IMG\center_2020_09_30_17_07_38_031.jpg, E:\SELF DRIVING\Udacity\IMG\left_2020_09_30_17_07_38_031.jpg, E:\SELF DRIVING\Udacity\IMG\right_2020_09_30_17_07_38_031.jpg, 0, 1, 0, 30.18999
E:\SELF DRIVING\Udacity\IMG\center_2020_09_30_17_07_38_136.jpg, E:\SELF DRIVING\Udacity\IMG\left_2020_09_30_17_07_38_136.jpg, E:\SELF DRIVING\Udacity\IMG\right_2020_09_30_17_07_38_136.jpg, -0.1818453, 1, 0, 30.18103
E:\SELF DRIVING\Udacity\IMG\center_2020_09_30_17_07_38_246.jpg, E:\SELF DRIVING\Udacity\IMG\left_2020_09_30_17_07_38_246.jpg, E:\SELF DRIVING\Udacity\IMG\right_2020_09_30_17_07_38_246.jpg, -0.540567, 1, 0, 30.13699
E:\SELF DRIVING\Udacity\IMG\center_2020_09_30_17_07_38_351.jpg, E:\SELF DRIVING\Udacity\IMG\left_2020_09_30_17_07_38_351.jpg, E:\SELF DRIVING\Udacity\IMG\right_2020_09_30_17_07_38_351.jpg, -0.253434, 1, 0, 30.19158
E:\SELF DRIVING\Udacity\IMG\center_2020_09_30_17_07_38_458.jpg, E:\SELF DRIVING\Udacity\IMG\left_2020_09_30_17_07_38_458.jpg, E:\SELF DRIVING\Udacity\IMG\right_2020_09_30_17_07_38_458.jpg, 0, 1, 0, 30.18585
E:\SELF DRIVING\Udacity\IMG\center_2020_09_30_17_07_38_566.jpg, E:\SELF DRIVING\Udacity\IMG\left_2020_09_30_17_07_38_566.jpg, E:\SELF DRIVING\Udacity\IMG\right_2020_09_30_17_07_38_566.jpg, 0, 1, 0, 30.19037
E:\SELF DRIVING\Udacity\IMG\center_2020_09_30_17_07_38_666.jpg, E:\SELF DRIVING\Udacity\IMG\left_2020_09_30_17_07_38_666.jpg, E:\SELF DRIVING\Udacity\IMG\right_2020_09_30_17_07_38_666.jpg, 0, 1, 0, 30.18873
E:\SELF DRIVING\Udacity\IMG\center_2020_09_30_17_07_38_776.jpg, E:\SELF DRIVING\Udacity\IMG\left_2020_09_30_17_07_38_776.jpg, E:\SELF DRIVING\Udacity\IMG\right_2020_09_30_17_07_38_776.jpg, -0.2969091, 1, 0, 30.172
E:\SELF DRIVING\Udacity\IMG\center_2020_09_30_17_07_38_887.jpg, E:\SELF DRIVING\Udacity\IMG\left_2020_09_30_17_07_38_887.jpg, E:\SELF DRIVING\Udacity\IMG\right_2020_09_30_17_07_38_887.jpg, -0.6608696, 1, 0, 30.12056
E:\SELF DRIVING\Udacity\IMG\center_2020_09_30_17_07_38_989.jpg, E:\SELF DRIVING\Udacity\IMG\left_2020_09_30_17_07_38_989.jpg, E:\SELF DRIVING\Udacity\IMG\right_2020_09_30_17_07_38_989.jpg, -0.7019743, 1, 0, 30.13952
E:\SELF DRIVING\Udacity\IMG\center_2020_09_30_17_07_39_096.jpg, E:\SELF DRIVING\Udacity\IMG\left_2020_09_30_17_07_39_096.jpg, E:\SELF DRIVING\Udacity\IMG\right_2020_09_30_17_07_39_096.jpg, -0.4149157, 1, 0, 30.19761
E:\SELF DRIVING\Udacity\IMG\center_2020_09_30_17_07_39_196.jpg, E:\SELF DRIVING\Udacity\IMG\left_2020_09_30_17_07_39_196.jpg, E:\SELF DRIVING\Udacity\IMG\right_2020_09_30_17_07_39_196.jpg, -0.1155643, 1, 0, 30.19402
E:\SELF DRIVING\Udacity\IMG\center_2020_09_30_17_07_39_298.jpg, E:\SELF DRIVING\Udacity\IMG\left_2020_09_30_17_07_39_298.jpg, E:\SELF DRIVING\Udacity\IMG\right_2020_09_30_17_07_39_298.jpg, 0, 1, 0, 30.18876
E:\SELF DRIVING\Udacity\IMG\center_2020_09_30_17_07_39_400.jpg, E:\SELF DRIVING\Udacity\IMG\left_2020_09_30_17_07_39_400.jpg, E:\SELF DRIVING\Udacity\IMG\right_2020_09_30_17_07_39_400.jpg, -0.0370653, 1, 0, 30.19083
E:\SELF DRIVING\Udacity\IMG\center_2020_09_30_17_07_39_511.jpg, E:\SELF DRIVING\Udacity\IMG\left_2020_09_30_17_07_39_511.jpg, E:\SELF DRIVING\Udacity\IMG\right_2020_09_30_17_07_39_511.jpg, -0.154731, 1, 0, 30.18731
E:\SELF DRIVING\Udacity\IMG\center_2020_09_30_17_07_39_611.jpg, E:\SELF DRIVING\Udacity\IMG\left_2020_09_30_17_07_39_611.jpg, E:\SELF DRIVING\Udacity\IMG\right_2020_09_30_17_07_39_611.jpg, 0, 1, 0, 30.19085
E:\SELF DRIVING\Udacity\IMG\center_2020_09_30_17_07_39_713.jpg, E:\SELF DRIVING\Udacity\IMG\left_2020_09_30_17_07_39_713.jpg, E:\SELF DRIVING\Udacity\IMG\right_2020_09_30_17_07_39_713.jpg, 0, 1, 0, 30.19084
E:\SELF DRIVING\Udacity\IMG\center_2020_09_30_17_07_39_821.jpg, E:\SELF DRIVING\Udacity\IMG\left_2020_09_30_17_07_39_821.jpg, E:\SELF DRIVING\Udacity\IMG\right_2020_09_30_17_07_39_821.jpg, 0, 1, 0, 30.19061
E:\SELF DRIVING\Udacity\IMG\center_2020_09_30_17_07_39_929.jpg, E:\SELF DRIVING\Udacity\IMG\left_2020_09_30_17_07_39_929.jpg, E:\SELF DRIVING\Udacity\IMG\right_2020_09_30_17_07_39_929.jpg, -0.1384209, 1, 0, 30.18588
E:\SELF DRIVING\Udacity\IMG\center_2020_09_30_17_07_40_042.jpg, E:\SELF DRIVING\Udacity\IMG\left_2020_09_30_17_07_40_042.jpg, E:\SELF DRIVING\Udacity\IMG\right_2020_09_30_17_07_40_042.jpg, -0.4777204, 1, 0, 30.14279
E:\SELF DRIVING\Udacity\IMG\center_2020_09_30_17_07_40_152.jpg, E:\SELF DRIVING\Udacity\IMG\left_2020_09_30_17_07_40_152.jpg, E:\SELF DRIVING\Udacity\IMG\right_2020_09_30_17_07_40_152.jpg, -0.4782543, 1, 0, 30.17038
E:\SELF DRIVING\Udacity\IMG\center_2020_09_30_17_07_40_262.jpg, E:\SELF DRIVING\Udacity\IMG\left_2020_09_30_17_07_40_262.jpg, E:\SELF DRIVING\Udacity\IMG\right_2020_09_30_17_07_40_262.jpg, -0.1483776, 1, 0, 30.19354
E:\SELF DRIVING\Udacity\IMG\center_2020_09_30_17_07_40_373.jpg, E:\SELF DRIVING\Udacity\IMG\left_2020_09_30_17_07_40_373.jpg, E:\SELF DRIVING\Udacity\IMG\right_2020_09_30_17_07_40_373.jpg, 0, 1, 0, 30.18883
E:\SELF DRIVING\Udacity\IMG\center_2020_09_30_17_07_40_487.jpg, E:\SELF DRIVING\Udacity\IMG\left_2020_09_30_17_07_40_487.jpg, E:\SELF DRIVING\Udacity\IMG\right_2020_09_30_17_07_40_487.jpg, 0, 1, 0, 30.19027
E:\SELF DRIVING\Udacity\IMG\center_2020_09_30_17_07_40_591.jpg, E:\SELF DRIVING\Udacity\IMG\left_2020_09_30_17_07_40_591.jpg, E:\SELF DRIVING\Udacity\IMG\right_2020_09_30_17_07_40_591.jpg, 0, 1, 0, 30.19035
E:\SELF DRIVING\Udacity\IMG\center_2020_09_30_17_07_40_693.jpg, E:\SELF DRIVING\Udacity\IMG\left_2020_09_30_17_07_40_693.jpg, E:\SELF DRIVING\Udacity\IMG\right_2020_09_30_17_07_40_693.jpg, -0.1746492, 1, 0, 30.18282
E:\SELF DRIVING\Udacity\IMG\center_2020_09_30_17_07_40_805.jpg, E:\SELF DRIVING\Udacity\IMG\left_2020_09_30_17_07_40_805.jpg, E:\SELF DRIVING\Udacity\IMG\right_2020_09_30_17_07_40_805.jpg, -0.2636235, 1, 0, 30.18515
E:\SELF DRIVING\Udacity\IMG\center_2020_09_30_17_07_40_916.jpg, E:\SELF DRIVING\Udacity\IMG\left_2020_09_30_17_07_40_916.jpg, E:\SELF DRIVING\Udacity\IMG\right_2020_09_30_17_07_40_916.jpg, 0, 1, 0, 30.18774
E:\SELF DRIVING\Udacity\IMG\center_2020_09_30_17_07_41_021.jpg, E:\SELF DRIVING\Udacity\IMG\left_2020_09_30_17_07_41_021.jpg, E:\SELF DRIVING\Udacity\IMG\right_2020_09_30_17_07_41_021.jpg, 0, 1, 0, 30.19015
E:\SELF DRIVING\Udacity\IMG\center_2020_09_30_17_07_41_129.jpg, E:\SELF DRIVING\Udacity\IMG\left_2020_09_30_17_07_41_129.jpg, E:\SELF DRIVING\Udacity\IMG\right_2020_09_30_17_07_41_129.jpg, 0, 1, 0, 30.19035
E:\SELF DRIVING\Udacity\IMG\center_2020_09_30_17_07_41_233.jpg, E:\SELF DRIVING\Udacity\IMG\left_2020_09_30_17_07_41_233.jpg, E:\SELF DRIVING\Udacity\IMG\right_2020_09_30_17_07_41_233.jpg, 0, 1, 0, 30.19033
E:\SELF DRIVING\Udacity\IMG\center_2020_09_30_17_07_41_341.jpg, E:\SELF DRIVING\Udacity\IMG\left_2020_09_30_17_07_41_341.jpg, E:\SELF DRIVING\Udacity\IMG\right_2020_09_30_17_07_41_341.jpg, -0.1756743, 1, 0, 30.18159
E:\SELF DRIVING\Udacity\IMG\center_2020_09_30_17_07_41_451.jpg, E:\SELF DRIVING\Udacity\IMG\left_2020_09_30_17_07_41_451.jpg, E:\SELF DRIVING\Udacity\IMG\right_2020_09_30_17_07_41_451.jpg, -0.06636209, 1, 0, 30.19121
E:\SELF DRIVING\Udacity\IMG\center_2020_09_30_17_07_41_562.jpg, E:\SELF DRIVING\Udacity\IMG\left_2020_09_30_17_07_41_562.jpg, E:\SELF DRIVING\Udacity\IMG\right_2020_09_30_17_07_41_562.jpg, 0, 1, 0, 30.19001
E:\SELF DRIVING\Udacity\IMG\center_2020_09_30_17_07_41_669.jpg, E:\SELF DRIVING\Udacity\IMG\left_2020_09_30_17_07_41_669.jpg, E:\SELF DRIVING\Udacity\IMG\right_2020_09_30_17_07_41_669.jpg, 0, 1, 0, 30.19029
E:\SELF DRIVING\Udacity\IMG\center_2020_09_30_17_07_41_779.jpg, E:\SELF DRIVING\Udacity\IMG\left_2020_09_30_17_07_41_779.jpg, E:\SELF DRIVING\Udacity\IMG\right_2020_09_30_17_07_41_779.jpg, 0, 1, 0, 30.19037
E:\SELF DRIVING\Udacity\IMG\center_2020_09_30_17_07_41_889.jpg, E:\SELF DRIVING\Udacity\IMG\left_2020_09_30_17_07_41_889.jpg, E:\SELF DRIVING\Udacity\IMG\right_2020_09_30_17_07_41_889.jpg, 0, 1, 0, 30.19032
E:\SELF DRIVING\Udacity\IMG\center_2020_09_30_17_07_41_999.jpg, E:\SELF DRIVING\Udacity\IMG\left_2020_09_30_17_07_41_999.jpg, E:\SELF DRIVING\Udacity\IMG\right_2020_09_30_17_07_41_999.jpg, 0, 1, 0, 30.19029
E:\SELF DRIVING\Udacity\IMG\center_2020_09_30_17_07_42_111.jpg, E:\SELF DRIVING\Udacity\IMG\left_2020_09_30_17_07_42_111.jpg, E:\SELF DRIVING\Udacity\IMG\right_2020_09_30_17_07_42_111.jpg, -0.0395964, 1, 0, 30.18994
E:\SELF DRIVING\Udacity\IMG\center_2020_09_30_17_07_42_211.jpg, E:\SELF DRIVING\Udacity\IMG\left_2020_09_30_17_07_42_211.jpg, E:\SELF DRIVING\Udacity\IMG\right_2020_09_30_17_07_42_211.jpg, -0.1184037, 1, 0, 30.18783
E:\SELF DRIVING\Udacity\IMG\center_2020_09_30_17_07_42_320.jpg, E:\SELF DRIVING\Udacity\IMG\left_2020_09_30_17_07_42_320.jpg, E:\SELF DRIVING\Udacity\IMG\right_2020_09_30_17_07_42_320.jpg, 0, 1, 0, 30.19013
E:\SELF DRIVING\Udacity\IMG\center_2020_09_30_17_07_42_430.jpg, E:\SELF DRIVING\Udacity\IMG\left_2020_09_30_17_07_42_430.jpg, E:\SELF DRIVING\Udacity\IMG\right_2020_09_30_17_07_42_430.jpg, 0, 1, 0, 30.19027
E:\SELF DRIVING\Udacity\IMG\center_2020_09_30_17_07_42_536.jpg, E:\SELF DRIVING\Udacity\IMG\left_2020_09_30_17_07_42_536.jpg, E:\SELF DRIVING\Udacity\IMG\right_2020_09_30_17_07_42_536.jpg, 0, 1, 0, 30.19031
E:\SELF DRIVING\Udacity\IMG\center_2020_09_30_17_07_42_643.jpg, E:\SELF DRIVING\Udacity\IMG\left_2020_09_30_17_07_42_643.jpg, E:\SELF DRIVING\Udacity\IMG\right_2020_09_30_17_07_42_643.jpg, 0, 1, 0, 30.1903
E:\SELF DRIVING\Udacity\IMG\center_2020_09_30_17_07_42_753.jpg, E:\SELF DRIVING\Udacity\IMG\left_2020_09_30_17_07_42_753.jpg, E:\SELF DRIVING\Udacity\IMG\right_2020_09_30_17_07_42_753.jpg, -0.2198835, 1, 0, 30.17776
E:\SELF DRIVING\Udacity\IMG\center_2020_09_30_17_07_43_205.jpg, E:\SELF DRIVING\Udacity\IMG\left_2020_09_30_17_07_43_205.jpg, E:\SELF DRIVING\Udacity\IMG\right_2020_09_30_17_07_43_205.jpg, -1, 1, 0, 30.11174
E:\SELF DRIVING\Udacity\IMG\center_2020_09_30_17_07_43_313.jpg, E:\SELF DRIVING\Udacity\IMG\left_2020_09_30_17_07_43_313.jpg, E:\SELF DRIVING\Udacity\IMG\right_2020_09_30_17_07_43_313.jpg, -0.7125976, 1, 0, 30.19333
E:\SELF DRIVING\Udacity\IMG\center_2020_09_30_17_07_43_416.jpg, E:\SELF DRIVING\Udacity\IMG\left_2020_09_30_17_07_43_416.jpg, E:\SELF DRIVING\Udacity\IMG\right_2020_09_30_17_07_43_416.jpg, -0.3975334, 1, 0, 30.20965
E:\SELF DRIVING\Udacity\IMG\center_2020_09_30_17_07_43_522.jpg, E:\SELF DRIVING\Udacity\IMG\left_2020_09_30_17_07_43_522.jpg, E:\SELF DRIVING\Udacity\IMG\right_2020_09_30_17_07_43_522.jpg, -0.04481082, 1, 0, 30.1692
E:\SELF DRIVING\Udacity\IMG\center_2020_09_30_17_07_43_627.jpg, E:\SELF DRIVING\Udacity\IMG\left_2020_09_30_17_07_43_627.jpg, E:\SELF DRIVING\Udacity\IMG\right_2020_09_30_17_07_43_627.jpg, 0, 1, 0, 30.1311
E:\SELF DRIVING\Udacity\IMG\center_2020_09_30_17_07_43_730.jpg, E:\SELF DRIVING\Udacity\IMG\left_2020_09_30_17_07_43_730.jpg, E:\SELF DRIVING\Udacity\IMG\right_2020_09_30_17_07_43_730.jpg, 0.1211199, 0.8788801, 0, 29.94671
E:\SELF DRIVING\Udacity\IMG\center_2020_09_30_17_07_43_830.jpg, E:\SELF DRIVING\Udacity\IMG\left_2020_09_30_17_07_43_830.jpg, E:\SELF DRIVING\Udacity\IMG\right_2020_09_30_17_07_43_830.jpg, 0.4194999, 0, 0, 29.96625
E:\SELF DRIVING\Udacity\IMG\center_2020_09_30_17_07_43_940.jpg, E:\SELF DRIVING\Udacity\IMG\left_2020_09_30_17_07_43_940.jpg, E:\SELF DRIVING\Udacity\IMG\right_2020_09_30_17_07_43_940.jpg, 0.7881888, 0, 0.3686889, 29.09988
E:\SELF DRIVING\Udacity\IMG\center_2020_09_30_17_07_44_046.jpg, E:\SELF DRIVING\Udacity\IMG\left_2020_09_30_17_07_44_046.jpg, E:\SELF DRIVING\Udacity\IMG\right_2020_09_30_17_07_44_046.jpg, 1, 0, 0.6757569, 27.72671
E:\SELF DRIVING\Udacity\IMG\center_2020_09_30_17_07_44_143.jpg, E:\SELF DRIVING\Udacity\IMG\left_2020_09_30_17_07_44_143.jpg, E:\SELF DRIVING\Udacity\IMG\right_2020_09_30_17_07_44_143.jpg, 1, 0, 0.9782577, 27.32603
E:\SELF DRIVING\Udacity\IMG\center_2020_09_30_17_07_44_251.jpg, E:\SELF DRIVING\Udacity\IMG\left_2020_09_30_17_07_44_251.jpg, E:\SELF DRIVING\Udacity\IMG\right_2020_09_30_17_07_44_251.jpg, 1, 0, 1, 26.3912
E:\SELF DRIVING\Udacity\IMG\center_2020_09_30_17_07_44_356.jpg, E:\SELF DRIVING\Udacity\IMG\left_2020_09_30_17_07_44_356.jpg, E:\SELF DRIVING\Udacity\IMG\right_2020_09_30_17_07_44_356.jpg, 1, 0, 0.8183174, 23.60575
E:\SELF DRIVING\Udacity\IMG\center_2020_09_30_17_07_44_466.jpg, E:\SELF DRIVING\Udacity\IMG\left_2020_09_30_17_07_44_466.jpg, E:\SELF DRIVING\Udacity\IMG\right_2020_09_30_17_07_44_466.jpg, 1, 0, 0.4643993, 21.94998
E:\SELF DRIVING\Udacity\IMG\center_2020_09_30_17_07_44_570.jpg, E:\SELF DRIVING\Udacity\IMG\left_2020_09_30_17_07_44_570.jpg, E:\SELF DRIVING\Udacity\IMG\right_2020_09_30_17_07_44_570.jpg, 1, 0, 0.1731878, 19.58574
E:\SELF DRIVING\Udacity\IMG\center_2020_09_30_17_07_44_674.jpg, E:\SELF DRIVING\Udacity\IMG\left_2020_09_30_17_07_44_674.jpg, E:\SELF DRIVING\Udacity\IMG\right_2020_09_30_17_07_44_674.jpg, 1, 0, 0, 17.47991
E:\SELF DRIVING\Udacity\IMG\center_2020_09_30_17_07_44_775.jpg, E:\SELF DRIVING\Udacity\IMG\left_2020_09_30_17_07_44_775.jpg, E:\SELF DRIVING\Udacity\IMG\right_2020_09_30_17_07_44_775.jpg, 1, 0, 0, 17.1623
E:\SELF DRIVING\Udacity\IMG\center_2020_09_30_17_07_44_876.jpg, E:\SELF DRIVING\Udacity\IMG\left_2020_09_30_17_07_44_876.jpg, E:\SELF DRIVING\Udacity\IMG\right_2020_09_30_17_07_44_876.jpg, 1, 0, 0, 16.15075
E:\SELF DRIVING\Udacity\IMG\center_2020_09_30_17_07_44_980.jpg, E:\SELF DRIVING\Udacity\IMG\left_2020_09_30_17_07_44_980.jpg, E:\SELF DRIVING\Udacity\IMG\right_2020_09_30_17_07_44_980.jpg, 1, 0, 0, 15.93883
E:\SELF DRIVING\Udacity\IMG\center_2020_09_30_17_07_45_081.jpg, E:\SELF DRIVING\Udacity\IMG\left_2020_09_30_17_07_45_081.jpg, E:\SELF DRIVING\Udacity\IMG\right_2020_09_30_17_07_45_081.jpg, 1, 0.0282144, 0, 15.77617
E:\SELF DRIVING\Udacity\IMG\center_2020_09_30_17_07_45_185.jpg, E:\SELF DRIVING\Udacity\IMG\left_2020_09_30_17_07_45_185.jpg, E:\SELF DRIVING\Udacity\IMG\right_2020_09_30_17_07_45_185.jpg, 1, 0.3396237, 0, 15.55105
E:\SELF DRIVING\Udacity\IMG\center_2020_09_30_17_07_45_288.jpg, E:\SELF DRIVING\Udacity\IMG\left_2020_09_30_17_07_45_288.jpg, E:\SELF DRIVING\Udacity\IMG\right_2020_09_30_17_07_45_288.jpg, 1, 0.6296033, 0, 16.18804
E:\SELF DRIVING\Udacity\IMG\center_2020_09_30_17_07_45_391.jpg, E:\SELF DRIVING\Udacity\IMG\left_2020_09_30_17_07_45_391.jpg, E:\SELF DRIVING\Udacity\IMG\right_2020_09_30_17_07_45_391.jpg, 0.9674119, 0.9403199, 0, 3.277541
E:\SELF DRIVING\Udacity\IMG\center_2020_09_30_17_07_45_493.jpg, E:\SELF DRIVING\Udacity\IMG\left_2020_09_30_17_07_45_493.jpg, E:\SELF DRIVING\Udacity\IMG\right_2020_09_30_17_07_45_493.jpg, 0.6645336, 1, 0, 1.908961
E:\SELF DRIVING\Udacity\IMG\center_2020_09_30_17_07_45_604.jpg, E:\SELF DRIVING\Udacity\IMG\left_2020_09_30_17_07_45_604.jpg, E:\SELF DRIVING\Udacity\IMG\right_2020_09_30_17_07_45_604.jpg, 0.3103142, 1, 0, 0.6649646
E:\SELF DRIVING\Udacity\IMG\center_2020_09_30_17_07_45_706.jpg, E:\SELF DRIVING\Udacity\IMG\left_2020_09_30_17_07_45_706.jpg, E:\SELF DRIVING\Udacity\IMG\right_2020_09_30_17_07_45_706.jpg, 0.003063209, 1, 0, 0.1615509
E:\SELF DRIVING\Udacity\IMG\center_2020_09_30_17_07_45_807.jpg, E:\SELF DRIVING\Udacity\IMG\left_2020_09_30_17_07_45_807.jpg, E:\SELF DRIVING\Udacity\IMG\right_2020_09_30_17_07_45_807.jpg, 0, 0.7219282, 0, 0.107454
E:\SELF DRIVING\Udacity\IMG\center_2020_09_30_17_07_45_911.jpg, E:\SELF DRIVING\Udacity\IMG\left_2020_09_30_17_07_45_911.jpg, E:\SELF DRIVING\Udacity\IMG\right_2020_09_30_17_07_45_911.jpg, 0, 0.4072102, 0, 0.04488428
E:\SELF DRIVING\Udacity\IMG\center_2020_09_30_17_07_46_015.jpg, E:\SELF DRIVING\Udacity\IMG\left_2020_09_30_17_07_46_015.jpg, E:\SELF DRIVING\Udacity\IMG\right_2020_09_30_17_07_46_015.jpg, 0, 0.09668018, 0, 0.01874546
E:\SELF DRIVING\Udacity\IMG\center_2020_09_30_17_07_46_122.jpg, E:\SELF DRIVING\Udacity\IMG\left_2020_09_30_17_07_46_122.jpg, E:\SELF DRIVING\Udacity\IMG\right_2020_09_30_17_07_46_122.jpg, 0, 0, 0, 0.09429764
E:\SELF DRIVING\Udacity\IMG\center_2020_09_30_17_07_46_228.jpg, E:\SELF DRIVING\Udacity\IMG\left_2020_09_30_17_07_46_228.jpg, E:\SELF DRIVING\Udacity\IMG\right_2020_09_30_17_07_46_228.jpg, 0, 0, 0, 0.1380184
E:\SELF DRIVING\Udacity\IMG\center_2020_09_30_17_07_46_331.jpg, E:\SELF DRIVING\Udacity\IMG\left_2020_09_30_17_07_46_331.jpg, E:\SELF DRIVING\Udacity\IMG\right_2020_09_30_17_07_46_331.jpg, 0, 0, 0, 0.1828595
E:\SELF DRIVING\Udacity\IMG\center_2020_09_30_17_07_46_432.jpg, E:\SELF DRIVING\Udacity\IMG\left_2020_09_30_17_07_46_432.jpg, E:\SELF DRIVING\Udacity\IMG\right_2020_09_30_17_07_46_432.jpg, 0, 0, 0, 0.2287643
E:\SELF DRIVING\Udacity\IMG\center_2020_09_30_17_07_46_542.jpg, E:\SELF DRIVING\Udacity\IMG\left_2020_09_30_17_07_46_542.jpg, E:\SELF DRIVING\Udacity\IMG\right_2020_09_30_17_07_46_542.jpg, 0, 0, 0, 0.2833757
E:\SELF DRIVING\Udacity\IMG\center_2020_09_30_17_07_46_646.jpg, E:\SELF DRIVING\Udacity\IMG\left_2020_09_30_17_07_46_646.jpg, E:\SELF DRIVING\Udacity\IMG\right_2020_09_30_17_07_46_646.jpg, 0, 0, 0, 0.3280053
E:\SELF DRIVING\Udacity\IMG\center_2020_09_30_17_07_46_750.jpg, E:\SELF DRIVING\Udacity\IMG\left_2020_09_30_17_07_46_750.jpg, E:\SELF DRIVING\Udacity\IMG\right_2020_09_30_17_07_46_750.jpg, 0, 0, 0, 0.3716903
E:\SELF DRIVING\Udacity\IMG\center_2020_09_30_17_07_46_855.jpg, E:\SELF DRIVING\Udacity\IMG\left_2020_09_30_17_07_46_855.jpg, E:\SELF DRIVING\Udacity\IMG\right_2020_09_30_17_07_46_855.jpg, 0, 0, 0, 0.414369
E:\SELF DRIVING\Udacity\IMG\center_2020_09_30_17_07_46_958.jpg, E:\SELF DRIVING\Udacity\IMG\left_2020_09_30_17_07_46_958.jpg, E:\SELF DRIVING\Udacity\IMG\right_2020_09_30_17_07_46_958.jpg, 0, 0, 0, 0.4641987
E:\SELF DRIVING\Udacity\IMG\center_2020_09_30_17_07_47_065.jpg, E:\SELF DRIVING\Udacity\IMG\left_2020_09_30_17_07_47_065.jpg, E:\SELF DRIVING\Udacity\IMG\right_2020_09_30_17_07_47_065.jpg, 0, 0, 0, 0.504529
